CODE,Qté,Nom BOTANIQUE,Type,Nom commun,Calibre,Distance CàC,Remarques,,Zone,Ensoleillement plein soleil,Ensoleillement soleil-mi-ombre,Ensoleillement mi-ombre,Ensoleillement ombre,Humidité,,,Sol,pH,H,L,Flor,indig/nat,Danger,Référence,Famille,Genre,Espèce,Groupe fonctionnel,
AFA,,Acer freemanii 'Autumn fantasy',1 AR,Érable Freemanii 'Autumn Fantasy',50mm,voir plan,Mettre tuteurs,,4b,m,,,,,,,,,15,10,,,,Les niches éco.,Sapindaceae,Acer,Acer freemanii,2A,
AFC,,Acer freemanii 'Celebration',1 AR,Érable Freemanii 'Celebration',50mm,voir plan,Mettre tuteurs,,4b,m,,,,,,,,,15,10,,,,Les niches éco.,Sapindaceae,Acer,Acer freemanii,2A,
AFI,,Acer freemanii 'Autumn Blaze',1 AR,Érable Autumn Blaze,50mm,voir plan,Mettre tuteurs,,4b,m,,,,,,,,,15,10,,,,Les niches éco.,Sapindaceae,Acer,Acer freemanii,2A,
AFMO,,Acer freemanii 'Marmo',1 AR,Érable freemanii 'Marmo',50mm,voir plan,Mettre tuteurs,,4,m,s,w,,,,,,,,,,,,,Sapindaceae,Acer,Acer freemanii,2A,
AFS,,Acer freemanii 'Sienna Glen',1 AR,Érable Sienna Glen,50mm,voir plan,Mettre tuteurs,,,,,,,,,,,,,,,,,,Sapindaceae,Acer,Acer freemanii,2A,
ACG,,Acer ginnala (multi-troncs),1 AR,Érable de l'Amur,50mm,voir plan,Mettre tuteurs,,2b,m,s,w,l,,,,,,6,5,4,n,,Les niches éco.,Sapindaceae,Acer,Acer ginnala,2A,
ACX,,Acer ginnala (tronc unique),1 AR,Érable de l'Amur,50mm,voir plan,Mettre tuteurs,,2b,m,s,w,l,,,,,,6,5,4,n,,Les niches éco.,Sapindaceae,Acer,Acer ginnala,2A,
ACF,,Acer ginnala 'Flame' (tronc unique),1 AR,Érable de l'Amur,50mm,voir plan,Mettre tuteurs,,2b,m,s,w,l,,,,,,6,5,4,n,,Les niches éco.,Sapindaceae,Acer,Acer ginnala,2A,
AGR,,Acer ginnala 'Flame' (tronc unique),1 AR,Érable de l'Amur 'Ruby Slippers',50mm,voir plan,Mettre tuteurs,,2b,m,s,w,l,,,,,,6,5,4,n,,Les niches éco.,Sapindaceae,Acer,Acer ginnala,2A,
AIY,,Acer miyabei 'State tree',1 AR,Érable miyabei,50mm,voir plan,Mettre tuteurs,,,,,,,,,,,,,,,,,,Sapindaceae,Acer,Acer miyabei,2C,
ANE,,Acer negundo,1 AR,Erable à Giguère,50mm,voir plan,Mettre tuteurs,,2a,m,s,w,,,,,,,15,10,,n,,Les niches éco.,Sapindaceae,Acer,Acer negundo,2C,
ANV,,Acer negundo 'Variegatum',1 AR,Erable à Giguère panaché,50mm,voir plan,Mettre tuteurs,,5b,m,s,w,,,,,,,2,1.5,,n,,Les niches éco.,Sapindaceae,Acer,Acer negundo,2C,
ACN,,Acer nigrum,1 AR,Erable noir,50mm,voir plan,Mettre tuteurs,,5b,m,s,,,,,,,,30,12,,i,,Les niches éco.,Sapindaceae,Acer,Acer nigrum,2C,
APA,,Acer palmatum 'Atropurpureum',1 AR,Erable du Japon à feuilles pourpres,125cm,120cm,Protéger des vents hivernaux ,,5b,m,s,w,,,,,,,2.5,2.5,4,,,Les niches éco.,Sapindaceae,Acer,Acer palmatum,2A,
APB,,Acer palmatum 'Bloodgood',1 AR,Erable du Japon 'Bloodgood',100cm,120cm,Protéger des vents hivernaux ,,5b,m,s,w,,,,,,,2,1.5,4,,,Les niches éco.,Sapindaceae,Acer,Acer palmatum,2A,
APC,,Acer palmatum 'Crimson Queen',1 AR,Erable du Japon 'Crimson Queen',100cm,100cm,Protéger des vents hivernaux ,,5b,m,s,w,,,,,,,1,2,,,,Les niches éco.,Sapindaceae,Acer,Acer palmatum,2A,
APT,,Acer palmatum 'Dissectum',1 AR,Erable du Japon à feuilles découpées,100cm,100cm,Protéger des vents hivernaux ,,5b,m,s,w,,,,,,,1.5,1,4,,,Les niches éco.,Sapindaceae,Acer,Acer palmatum,2A,
AFG,,Acer palmatum 'Fireglow',1 AR,Erable du Japon 'Fireglow',100cm,voir plan,Protéger des vents hivernaux ,,5b,m,s,w,,,,,,,3,3,,,,Les niches éco.,Sapindaceae,Acer,Acer palmatum,2A,
AEI,,Acer palmatum 'Seiryu',1 AR,Erable du Japon 'Seiryu',100cm,voir plan,Protéger des vents hivernaux ,,5,m,s,w,,,,,,,3,3,,,,Les niches éco.,Sapindaceae,Acer,Acer palmatum,2A,
ASG,,Acer palmatum 'Shishigashira',1 AR,Erable du Japon,100cm,150cm,Protéger des vents hivernaux ,,5b,m,s,w,,,,,,,4,3,,,,Les niches éco.,Sapindaceae,Acer,Acer palmatum,2A,
APE,,Acer pensylvanicum,1 AR,Erable de Pennsylvanie,50mm,voir plan,Mettre tuteurs,,3a,,,w,,,,,,,7,4.5,4,i,,Les niches éco.,Sapindaceae,Acer,Acer pensylvanicum,2A,
APL,,Acer platanoïdes,1 AR,Erable de Norvège,50mm,voir plan,Mettre tuteurs,,4b,m,s,,,,,,,,20,12,4,n,,Les niches éco.,Sapindaceae,Acer,Acer platanoïdes,2A,
APO,,Acer platanoïdes 'Columnare',1 AR,Erable de Norvège colonnaire,50mm,voir plan,Mettre tuteurs,,4b,m,s,,,,,,,,15,4.5,4,n,,Les niches éco.,Sapindaceae,Acer,Acer platanoïdes,2A,
APK,,Acer platanoïdes 'Crimson King',1 AR,Erable rouge de Norvège Crimson King,50mm,voir plan,Mettre tuteurs,,4b,m,,,,,,,,,12,8,4,n,,Les niches éco.,Sapindaceae,Acer,Acer platanoïdes,2A,
ACY,,Acer platanoïdes 'Crimson Sentry',1 AR,Erable rouge de Norvège Crimson Sentry,50mm,voir plan,"Mettre tuteurs, feuillage pourpre",,4b,m,,,,,,,,,10,4,4,n,,Les niches éco.,Sapindaceae,Acer,Acer platanoïdes,2A,
APH,,Acer platanoïdes 'Deborah',1 AR,Erable de Norvège Deborah,50mm,voir plan,Mettre tuteurs,,4b,m,,,,,,,,,18,10,4,n,,Les niches éco.,Sapindaceae,Acer,Acer platanoïdes,2A,
APD,,Acer platanoïdes 'Drummondii',1 AR,Erable arlequin,50mm,voir plan,"Mettre tuteurs, feuillage vert marginé blanc",,5a,m,,,,,,,,,10,6,4,n,,Les niches éco.,Sapindaceae,Acer,Acer platanoïdes,2A,
APQ,,Acer platanoïdes 'Emerald Queen',1 AR,Erable Emerald Queen,50mm,voir plan,"Mettre tuteurs, feuillage vert foncé",,4b,m,s,,,,,,,,15,10,4,n,,Les niches éco.,Sapindaceae,Acer,Acer platanoïdes,2A,
APG,,Acer platanoïdes 'Globosum',1 AR,Erable Globe,50mm,voir plan,Mettre tuteurs,,4b,m,,,,,,,,,20,12,4,n,,Les niches éco.,Sapindaceae,Acer,Acer platanoïdes,2A,
ACL,,Acer platanoïdes 'Royal Red',1 AR,Erable de Norvège Royal Red,50mm,voir plan,"Mettre tuteurs, feuillage rouge foncé",,4b,m,s,,,,,,,,15,10,4,n,,Les niches éco.,Sapindaceae,Acer,Acer platanoïdes,2A,
APS,,Acer platanoïdes 'Schwedleri',1 AR,Erable de Norvège Schwedleri,50mm,voir plan,Mettre tuteurs,,4b,,s,w,,,,,,,15,10,4,n,,Les niches éco.,Sapindaceae,Acer,Acer platanoïdes,2A,
ARU,,Acer rubrum,1 AR,Erable rouge,50mm,voir plan,Mettre tuteurs,,3b,m,,,,,,,,,20,16,,i,pollution urbaine,Les niches éco.,Sapindaceae,Acer,Acer rubrum,2C,
ART,,Acer rubrum (tronc unique),1 AR,Erable rouge sur tige,50mm,voir plan,Mettre tuteurs,,3b,m,,,,,,,,,20,16,4,i,pollution urbaine,Les niches éco.,Sapindaceae,Acer,Acer rubrum,2C,
ARA,,Acer rubrum 'Armstrong',1 AR,Erable rouge Armstrong,50mm,voir plan,Mettre tuteurs,,4,m,,,,,,,,,15,7,4,i,pollution urbaine,Les niches éco.,Sapindaceae,Acer,Acer rubrum,2C,
AGO,,Acer rubrum 'Armstrong Gold',1 AR,Erable rouge Armstrong Gold,50mm,voir plan,Mettre tuteurs,,4,m,s,,,,,,,,12,3.5,4,i,,,Sapindaceae,Acer,Acer rubrum,2C,
ABO,,Acer rubrum 'Bowhall',1 AR,Erable rouge Bowhall,50mm,voir plan,Mettre tuteurs,,4,m,s,,,,,,,,13,5,4,i,,,Sapindaceae,Acer,Acer rubrum,2C,
ARM,,Acer rubrum 'Morgan',1 AR,Erable rouge Morgan,50mm,voir plan,Mettre tuteurs,,4a,,,,,,,,,,15,10,4,i,,Les niches éco.,Sapindaceae,Acer,Acer rubrum,2C,
ARD,,Acer rubrum 'Red Sunset',1 AR,Érable rouge Red Sunset,50mm,voir plan,Mettre tuteurs,,3b,m,,,,,,,,,15,5,4,i,,Les niches éco.,Sapindaceae,Acer,Acer rubrum,2C,
ARB,,Acer rubrum 'Brandy Wine',1 AR,Érable rouge Red Sunset,50mm,voir plan,Mettre tuteurs,,3b,m,,,,,,,,,15,10,4,i,,Les niches éco.,Sapindaceae,Acer,Acer rubrum,2C,
ASI,,Acer saccharinum,1 AR,Erable argenté,50mm,voir plan,Mettre tuteurs,,2b,m,s,w,l,,,,,,25,23,4,i,,Les niches éco.,Sapindaceae,Acer,Acer saccharinum,2C,
ASK,,Acer saccharinum 'Skinner Select',1 AR,Erable argenté 'Skinner Select',50mm,voir plan,Mettre tuteurs,,2b,m,s,w,l,,,,,,25,23,4,i,,Les niches éco.,Sapindaceae,Acer,Acer saccharinum,2C,
ASU,,Acer saccharum,1 AR,Erable à sucre,50mm,voir plan,Mettre tuteurs,,4a,m,,,,,,,,,25,15,4,i,,Les niches éco.,Sapindaceae,Acer,Acer saccharum,2A,
ASO,,Acer saccharum 'Apollo',1 AR,Erable à sucre Apollo,50mm,voir plan,Mettre tuteurs,,4,m,s,,,,,,,,12,3.5,4,i,pollution urbaine,Les niches éco.,Sapindaceae,Acer,Acer saccharum,2A,
ASB,,Acer saccharum 'Bonfire',1 AR,Erable à sucre Bonfire,50mm,voir plan,Mettre tuteurs,,3,m,,,,,,,,,22,17,4,i,,Les niches éco.,Sapindaceae,Acer,Acer saccharum,2A,
ASF,,Acer saccharum 'Fall Fiesta',1 AR,Erable à sucre 'Fall Fiesta',50mm,voir plan,Mettre tuteurs,,4,m,s,w,l,,,,,,25,23,4,i,,Les niches éco.,Sapindaceae,Acer,Acer saccharum,2A,
AEM,,Acer saccharum 'Monumentale',1 AR,Erable à sucre Monumentale,50mm,voir plan,Mettre tuteurs,,4b,m,,w,,,,,,,20,5,4,i,,Les niches éco.,Sapindaceae,Acer,Acer saccharum,2A,
AET,,Acer saccharum 'Temple's',1 AR,Erable à sucre Temple's,50mm,voir plan,Mettre tuteurs,,4,m,s,,,,,,,,10,2,4,i,,Les niches éco.,Sapindaceae,Acer,Acer saccharum,2A,
ASP,,Acer spicatum,1 AR,Erable à épis,,voir plan,Mettre tuteurs,,2a,,,w,,,,,,,7,4,5,i,,Les niches éco.,Sapindaceae,Acer,Acer spicatum,2C,
ACM,,Acer tataricum,1 AR,Érable de Tartarie,50mm,voir plan,,,4a,m,s,,,,,,,,4,4,4,i,,Les niches éco.,Sapindaceae,Acer,Acer tataricum,2A,
AES,,Aesculus glabra,1 AR,Maronnier de l'Ohio,50mm,voir plan,Mettre tuteurs,,3,m,s,,,,,,,,9,9,4,,,Les niches éco.,Sapindaceae,Aesculus,Aesculus glabra,2B,
AHI,,Aesculus hippocastanum,1 AR,Maronnier dInde,50mm,voir plan,Mettre tuteurs,,4b,m,s,,,,,,,,20,12,4,n,,Les niches éco.,Sapindaceae,Aesculus,Aesculus hippocastanum,2B,
APV,,Aesculus parviflora,1 AR,Marronnier à petites fleurs,125cm,voir plan,Protéger des vents hivernaux ,,5,m,s,w,,,,,,,2.5,4,6,,,Les niches éco.,Sapindaceae,Aesculus,Aesculus parviflora,2B,
ACB,,Aesculus x carnea 'Briotii',1 AR,Marronnier à fleurs rouges,50mm,voir plan,Protéger des vents hivernaux ,,5,m,,,,,,,,,15,10,6,,,Les niches éco.,Sapindaceae,Aesculus,Aesculus x carnea,2B,
ALN,,Alnus glutinosa 'Imperialis',1 AR,Aulne européen impérial,50mm,voir plan,Mettre tuteurs,,4b,m,s,w,l,,,,,,6,4,4,,,Les niches éco.,Betulaceae,Alnus ,Alnus glutinosa ,5,
ALG,,Alnus glutinosa ,1 AR,Aulne glutineux,50mm,voir plan,Mettre tuteurs,,4b,m,s,w,l,,,,,,6,4,4,,,Les niches éco.,Betulaceae,Alnus ,Alnus glutinosa ,5,
AMC,,Amelanchier canadensis en talle,1 AR,Amélanchier en talle,3 Troncs min,voir plan,Mettre tuteurs,,2b,m,s,w,,,,,,,6,3,4,i,,Les niches éco.,Rosaceae,Amelanchier,Amelanchier canadensis,3A,
AML,,Amelanchier canadensis 'Lamarckii',,Amélanchier Lamarckii,225cm,voir plan,Mettre tuteurs,,2b,,,,,,,,,,7,3,4,i,,,Rosaceae,Amelanchier,Amelanchier canadensis,3A,
ACA,,Amelanchier canadensis sur tige,1 AR,Amélanchier sur tige,-,voir plan,Mettre tuteurs,,2b,m,s,w,,,,,,,4,4,4,i,,Les niches éco.,Rosaceae,Amelanchier,Amelanchier canadensis,3A,
AGA,,Amelanchier grandifolia 'Autumn Brilliance',1 AR,Amélanchier à grandes fleurs,225cm,voir plan,Mettre tuteurs,,4a,m,s,w,,,,,,,4.5,4.5,4,i,,Les niches éco.,Rosaceae,Amelanchier,Amelanchier x grandiflora,3A,
ABT,,Amelanchier grandifolia 'Ballerina' sur tige,1 AR,Amélanchier ballerina sur tige,-,voir plan,Mettre tuteurs,,2b,m,s,w,,,,,,,5,2,4,i,,Les niches éco.,Rosaceae,Amelanchier,Amelanchier x grandiflora,3A,
AGX,,Amelanchier grandifolia 'Princess Diana',1 AR,Amélanchier ballerina sur tige,-,voir plan,Mettre tuteurs,,2b,m,s,w,,,,,,,5,2,4,i,,Les niches éco.,Rosaceae,Amelanchier,Amelanchier x grandiflora,3A,
ALL,,Amelanchier lamarkii 'Cumulus',1 AR,Amelanchier 'Cumulus',45mm,voir plan,Mettre tuteurs,,4,m,,,,,,,,,8,5,5,,,,Rosaceae,Amelanchier,Amelanchier x lamarkii,3A,
ARH,,Amelanchier 'Robin Hill',1 AR,Amélanchier 'Robin Hill',-,voir plan,Mettre tuteurs,,4,m,s,w,,,,,,,6,3.5,4,i,,Les niches éco.,Rosaceae,Amelanchier,Amelanchier x grandiflora,3A,
BAL,,Betula alleghaniensis,1 AR,Bouleau jaune,50mm,voir plan,Mettre tuteurs,,4b,m,s,w,,,,,,,25,15,4,i,,Les niches éco.,Betulaceae,Betula,Betula alleghaniensis,2C,
BNH,,Betula nigra 'Heritage',1 AR,Bouleau noir 'Heritage',-,voir plan,Mettre tuteurs,,4b,m,s,,,,,,,,15,10,4,,,Les niches éco.,Betulaceae,Betula,Betula nigra,5,
BPA,,Betula papyrifera,1 AR,Bouleau à papier,50mm,voir plan,Mettre tuteurs,,2a,m,,,,,,,,,18,10,4,i,,Les niches éco.,Betulaceae,Betula,Betula papyrifera,5,
BPP,,Betula papyrifera 'Prairie Dream',1 AR,Bouleau à papier 'Prairie Dream',50mm,voir plan,Mettre tuteurs,,2a,m,,,,,,,,,18,10,4,i,,Les niches éco.,Betulaceae,Betula,Betula papyrifera,5,
BPR,,Betula papyrifera 'Renaissance',1 AR,Bouleau à papier 'Renaissance',50mm,voir plan,Mettre tuteurs,,3,m,s,w,,,,,,,12,9,,i,,Les niches éco.,Betulaceae,Betula,Betula papyrifera,5,
BRE,,Betula papyrifera 'Renci',1 AR,Bouleau à papier 'Renci',50mm,voir plan,Mettre tuteurs,,3,m,s,w,,,,,,,12,9,,i,,Les niches éco.,Betulaceae,Betula,Betula papyrifera,5,
BPT,,Betula papyrifera (talle),1 AR,Bouleau à papier en talle,-,voir plan,,,2a,m,,,,,,,,,,,4,i,,Les niches éco.,Betulaceae,Betula,Betula papyrifera,5,
BPE,,Betula pendula,1 AR,Bouleau blanc européen,50mm,voir plan,Mettre tuteurs,,2b,m,,,,,,,,,18,10,4,,,Les niches éco.,Betulaceae,Betula,Betula pendula,5,
BAD,,Betula pendula 'Trost's Dwarf',1 AR,Bouleau nain,large,75cm,,,3a,m,,,,,,,,,1,2.5,,,,Les niches éco.,Betulaceae,Betula,Betula pendula,5,
BPY,,Betula pendula 'Youngii',1 AR,Bouleau de Young,-,voir plan,Mettre tuteurs,,2b,m,,,,,,,,,4,9,"4,5",,,Les niches éco.,Betulaceae,Betula,Betula pendula,5,
BPD,,Betula platyphylla 'Dakota Pinnacle',1 AR,Bouleau blanc japonais 'Dakota Pinnacle',50mm,voir plan,Mettre tuteurs,,3,m,,,,,,,,,7,3,,,,Jardin 2M,Betulaceae,Betula,Betula platyphylla,5,
BPK,,Betula platyphylla 'Parkland Pillar',1 AR,Bouleau blanc japonais 'Parkland Pillar',45mm,voir plan,Mettre tuteurs,,4,m,,,,,,,,,12,1.8,,,,Jardin 2M,Betulaceae,Betula,Betula platyphylla,5,
BPO,,Betula populifolia,1 AR,Bouleau gris,50mm,voir plan,Mettre tuteurs,,3a,m,,,,,,,,,10,5,"4,5",i,,Les niches éco.,Betulaceae,Betula,Betula populifolia,5,
BUJ,,Betula utilis 'Jacquemontii',1 AR,Bouleau de Jacquemont,3 Troncs min,voir plan,Mettre tuteurs,,4b,m,s,,,,,,,,12,10,"4,5",,,Les niches éco.,Betulaceae,Betula,Betula utilis,5,
BVC,,Betula verrucosa 'Crimson Frost',1 AR,Bouleau crimson frost,-,voir plan,Mettre tuteurs,,2b,m,,,,,,,,,18,10,"4,5",,,Les niches éco.,Betulaceae,Betula,Betula verrucosa,5,
CCO,,Carpinus caroliniana,1 AR,Charme de Caroline,-,voir plan,,,3a,m,s,w,l,,,,,,8,8,"4,5",i,,Les niches éco.,Betulaceae,Carpinus,Carpinus caroliniana,2A,
CYC,,Carya cordiformis,1 AR,Carya cordiforme,50mm,voir plan,Mettre tuteurs,,4a,m,s,,,,,,,,25,22,"4,5",i,,Les niches éco.,Juglandaceae,Carya,Carya cordiformis,4A,
CYO,,Carya ovata,1 AR,Caryer ovale,50mm,voir plan,Mettre tuteurs,,4b,m,s,w,,,,,,,25,12,"4,5",i,,Les niches éco.,Juglandaceae,Carya,Carya ovata,4A,
CSO,,Catalpa speciosa,1 AR,Catalpa de l'ouest,50mm,voir plan,Mettre tuteurs,,,,,,,,,,,,,,,,,,Bignoniaceae,Catalpa,Catalpa speciosa,3B,
CAN,,Catalpa bignonioides 'nana',1 AR,Catalpa nain,50mm,voir plan,Mettre tuteurs,,,,,,,,,,,,5,3,,,,,Bignoniaceae,Catalpa,Catalpa bignonioides,3B,
COC,,Celtis occidentalis,1 AR,Micocoulier occidental,50mm,voir plan,Mettre tuteurs,,3b,m,s,,,,,,,,15,8,"4,5",i,,Les niches éco.,Cannabaceae,Celtis,Celtis occidentalis,2C,
COP,,Celtis occidentalis 'Prairie Sentinel',1 AR,Micocoulier occidental,50mm,voir plan,Mettre tuteurs,,3b,m,s,,,,,,,,15,8,"4,5",i,,Les niches éco.,Cannabaceae,Celtis,Celtis occidentalis,2C,
CEJ,,Cercidiphyllum japonicum ,1 AR,Katsura pleureur,50mm,voir plan,Mettre tuteurs,,5b,m,s,,,,,,,,3,4,5,,,Les niches éco.,Cercidiphyllaceae,Cercidiphyllum ,Cercidiphyllum japonicum ,5,
CJH,,Cercidiphyllum japonicum 'Hanna's Heart',1 AR,Katsura pleureur,50mm,voir plan,Mettre tuteurs,,5b,m,s,,,,,,,,3,4,5,,,Les niches éco.,Cercidiphyllaceae,Cercidiphyllum ,Cercidiphyllum japonicum ,5,
CEC,,Cercis canadensis,1 AR,Gainier rouge du Canada,50mm,voir plan,fleurs rouges et roses,,4b,m,s,w,,,,,,,6,6,5,,,Les niches éco.,Fabaceae,Cercis,Cercis canadensis,4B,
CHV,,Chionanthus virginicus (tronc unique),1 AR,Arbre des neiges (SUR TIGE),50mm,voir plan,fleurs blanches,,5b,m,s,,,,,,,,4,4,5,,,Les niches éco.,Oleaceae,Chionanthus,Chionanthus virginicus,2A,
CLU,,Cladastris lutea,1 AR,Virgilier à bois jaune,50mm,voir plan,fleurs blanches,,,,,,,,,,,,,,,,,,Fabaceae,Cladastris,Cladastris lutea,,
COA,,Corylus americana,1 AR,Noisetier américain,60cm,,,,4a,m,s,,,,,,,,3,1.5,4,i,,Les niches éco.,Betulaceae,Corylus,Corylus americana,2A,
CAC,,Corylus avellana 'Contorta',1 AR,Noisetier tortueux,50mm,150cm,"spectaculaire en hiver, ",,5a,m,s,w,,,,,,,4,4.5,4,,,Les niches éco.,Betulaceae,Corylus,Corylus avellana,2A,
CCL,,Corylus colurna,1 AR,Noisetier de Byzance,50mm,voir plan,Mettre tuteurs,,4a,m,s,,,,,,,,10,4.5,,,,Les niches éco.,Betulaceae,Corylus,Corylus colurna,4A,
CCG,,Crataegus crus-galli,1 AR,Aubépine ergot-de-Coq,50mm,voir plan,Mettre tuteurs,,2b,m,,,,,,,,,10,10,"4,5",i,,Les niches éco.,Rosaceae,Crataegus,Crataegus crus-galli,3A,
CCI,,Crataegus crus-galli 'Inermis',1 AR,Aubépine inerme,50mm,voir plan,Mettre tuteurs,,2b,m,,,,,,,,,10,10,"4,5",i,,Les niches éco.,Rosaceae,Crataegus,Crataegus crus-galli,3A,
CWK,,Crataegus x viridis 'Winter-King',1 AR,Aubépine 'Winter King',50mm,voir plan,Mettre tuteurs,,5a,m,,,,,,,,,6,6,5-6,,,Les niches éco.,Rosaceae,Crataegus,Crataegus x viridis,3A,
CMT,,Crataegus x mordensis 'Toba',1 AR,Aubépine Toba,50mm,voir plan,Mettre tuteurs,,3,m,,,,,,,,,6,6,6,,,Les niches éco.,Rosaceae,Crataegus,Crataegus x mordensis,3A,
EAN,,Elaeagnus angustifolia,1 AR,Olivier de Bohème,50mm,voir plan,,,2b,m,,,,,,,,,8,8,6,n,,Les niches éco.,Elaeagnaceae,Elaeagnus,Elaeagnus angustifolia,4B,
ECO,,Elaeagnus commutata,1 AR,Chalef argenté,60cm,120cm,,,2a,m,,,,,,,,,3,3,6,i,,Les niches éco.,Elaeagnaceae,Elaeagnus,Elaeagnus commutata,4B,
FGR,,Fagus grandifolia,1 AR,Hêtre à grandes feuilles,50mm,voir plan,Mettre tuteurs,,4a,m,s,w,,,,,,,18,12,,i,,Les niches éco.,Fagaceae,Fagus,Fagus grandifolia,2A,
FAM,,Fraxinus americana,1 AR,Frêne d'amérique,50mm,voir plan,Mettre tuteurs,,3b,m,,,,,,,,,20,12,,i,,Les niches éco.,Oleaceae,Fraxinus,Fraxinus americana,2C,
FAA,,Fraxinus americana 'Autumn Purple',1 AR,Frêne d'amérique 'Autumn Purple',50mm,voir plan,Mettre tuteurs,,3b,m,,,,,,,,,12,8,,i,,Les niches éco.,Oleaceae,Fraxinus,Fraxinus americana,2C,
FMA,,Fraxinus americana 'Manitou',1 AR,Frêne d'amérique 'Manitou',50mm,voir plan,Mettre tuteurs,,4a,m,,,,,,,,,12,5,,i,,Les niches éco.,Oleaceae,Fraxinus,Fraxinus americana,2C,
FRN,,Fraxinus nigra,1 AR,Frêne noir ,50mm,voir plan,Mettre tuteurs,,2b,m,,,,,,,,,20,12,,i,,Les niches éco.,Oleaceae,Fraxinus,Fraxinus nigra,2C,
FNF,,Fraxinus nigra 'Fall Gold',1 AR,Frêne noir Fall Gold,50mm,voir plan,Mettre tuteurs,,2b,m,,,,,,,,,20,12,,i,,Les niches éco.,Oleaceae,Fraxinus,Fraxinus nigra,2C,
FPE,,Fraxinus pennsylvanica,1 AR,Frêne rouge,50mm,voir plan,Mettre tuteurs,,3a,m,,,,,,,,,25,9,,i,,Les niches éco.,Oleaceae,Fraxinus,Fraxinus pennsylvanica,2C,
FPM,,Fraxinus penn.'Marshall Seedless',1 AR,Frêne Asperme,50mm,voir plan,Mettre tuteurs,,4a,m,,,,,,,,,15,10,,i,,Les niches éco.,Oleaceae,Fraxinus,Fraxinus pennsylvanica,2C,
FPL,,Fraxinus pennsylvanica lanceolata,1 AR,Frêne vert,50mm,voir plan,Mettre tuteurs,,,,,,,,,,,,,,,i,,,Oleaceae,Fraxinus,Fraxinus pennsylvanica,2C,
FPP,,Fraxinus pennsylvnica 'Patmore',1 AR,Frêne Patmore,50mm,voir plan,Mettre tuteurs,,3a,m,,,,,,,,,15,5,,i,,Les niches éco.,Oleaceae,Fraxinus,Fraxinus pennsylvanica,2C,
FPS,,Fraxinus pennsylvanica 'Summit',1 AR,Frêne rouge Summit,50mm,voir plan,Mettre tuteurs,,3b,m,,,,,,,,,15,10,,i,,Les niches éco.,Oleaceae,Fraxinus,Fraxinus pennsylvanica,2C,
GBI,,Ginkgo biloba,1 AR,Arbre aux 40 écus,50mm,voir plan,Mettre tuteurs,,4a,m,,,,,,,,,20,10,,,,Les niches éco.,Ginkgoaceae,Ginkgo,Ginkgo biloba,1B,
GBA,,Ginkgo biloba 'Autumn Gold',1 AR,Arbre aux 40 écus 'Autumn Gold',50mm,voir plan,Mettre tuteurs,,3,m,,,,,,,,,15,9,,,,Les niches éco.,Ginkgoaceae,Ginkgo,Ginkgo biloba,1B,
GBG,,Ginkgo biloba 'Saratoga',1 AR,Arbre aux 40 écus 'Saratoga',50mm,voir plan,Mettre tuteurs,,3,m,,,,,,,,,15,9,,,,Les niches éco.,Ginkgoaceae,Ginkgo,Ginkgo biloba,1B,
GBM,,Ginkgo biloba 'Magyar',1 AR,Arbre aux 40 écus 'Magyar',50mm,voir plan,Mettre tuteurs,,4,m,,,,,,,,,12,5,,,,Les niches éco.,Ginkgoaceae,Ginkgo,Ginkgo biloba,1B,
GBP,,Ginkgo biloba 'Princeton Sentry',1 AR,Arbre aux 40 écus 'Princeton Sentry',50mm,voir plan,Mettre tuteurs,,5b,m,,,,,,,,,12,5,,,,Les niches éco.,Ginkgoaceae,Ginkgo,Ginkgo biloba,1B,
GBE,,Ginkgo biloba 'Elmwood Pillar',1 AR,Arbre aux 40 écus 'Elmwood Pillar',50mm,voir plan,Mettre tuteurs,,4,m,,,,,,,,,5,1.3,,,,Les niches éco.,Ginkgoaceae,Ginkgo,Ginkgo biloba,1B,
GBN,,Ginkgo biloba 'Menhir',1 AR,Arbre aux 40 écus 'Menhir',50mm,voir plan,Mettre tuteurs,,4,m,,,,,,,,,5,1.3,,,,Les niches éco.,Ginkgoaceae,Ginkgo,Ginkgo biloba,1B,
GTS,,Gleditsia triacanthos 'Shademaster',1 AR,Fèvier Shademaster,50mm,voir plan,Mettre tuteurs,,4a,m,,,,,,,,,15,12,,,,Les niches éco.,Fabaceae,Gleditsia,Gleditsia triacanthos,4B,
GTI,,Gleditsia triacanthos 'Inermis',1 AR,Févier inerme d'amérique,50mm,voir plan,Mettre tuteurs,,4a,m,,,,,,,,,20,18,,,,Les niches éco.,Fabaceae,Gleditsia,Gleditsia triacanthos,4B,
GTII,,Gleditsia triacanthos 'Inermis- Imperial',1 AR,Févier inerme d'amérique 'Imperial',50mm,voir plan,Mettre tuteurs,,4a,m,,,,,,,,,20,18,,,,Les niches éco.,Fabaceae,Gleditsia,Gleditsia triacanthos,4B,
GTB,,Gleditsia triacanthos 'Sunburst',1 AR,Fèvier Sunburst,50mm,voir plan,Mettre tuteurs,,5a,m,,,,,,,,,10,10,,,,Les niches éco.,Fabaceae,Gleditsia,Gleditsia triacanthos,4B,
GTK,,Gleditsia triacanthos'Skyline',1 AR,Fèvier Skyline,50mm,voir plan,Mettre tuteurs,,4a,m,,,,,,,,,15,9,,,,Les niches éco.,Fabaceae,Gleditsia,Gleditsia triacanthos,4B,
GTM,,Gleditsia triacanthos 'Spectrum',1 AR,Fèvier Spectrum,50mm,voir plan,Mettre tuteurs,,5,m,,,,,,,,,15,9,,,,Les niches éco.,Fabaceae,Gleditsia,Gleditsia triacanthos,4B,
GSK,,Gleditsia triacanthos inermis 'Street Keeper',1 AR,Fèvier Street Keeper,50mm,voir plan,Mettre tuteurs,,4,m,,,,,,,,,14,6,,,,Les niches éco.,Fabaceae,Gleditsia,Gleditsia triacanthos,4B,
GTR,,Gleditsia triacanthos inermis 'Ruby Lace',1 AR,Fèvier Ruby Lace,50mm,voir plan,Mettre tuteurs,,5b,m,,,,,,,,,20,18,,,,Les niches éco.,Fabaceae,Gleditsia,Gleditsia triacanthos,4B,
GYM,,Gymnocladus dioicus ,1 AR,Chicot du Canada ,50mm,voir plan,Mettre tuteurs,,5a,m,,,,,,,,,15,10,,,,Les niches éco.,Fabaceae,Gymnocladus ,Gymnocladus dioicus ,4B,
GYD,,Gymnocladus dioicus 'Espresso',1 AR,Chicot du Canada Espresso,50mm,voir plan,Mettre tuteurs,,3,m,,,,,,,,,15,10,,,,Les niches éco.,Fabaceae,Gymnocladus ,Gymnocladus dioicus ,4B,
JCI,,Juglans cinerea,1 AR,Noyer cendré,50mm,voir plan,Mettre tuteurs,,4b,m,,,,,,,,,25,20,,i,,Les niches éco.,Juglandaceae,Juglans,Juglans cinerea,4A,
JNI,,Juglans nigra,1 AR,Noyer noir,50mm,voir plan,Mettre tuteurs,,3b,m,,,,,,,,,25,20,,n,,Les niches éco.,Juglandaceae,Juglans,Juglans nigra,4B,
LTU,,Liriodendron tulipifera,1 AR,Tulipier de Virginie,150 cm,voir plan,Mettre tuteurs,,5b,m,,,,,,,,,10,5,"4,5",,,Les niches éco.,Magnoliaceae,Liriodendron,Liriodendron tulipifera,3B,
MAA,,Maackia amurensis,1 AR,Maackia de l'Amur,50mm,voir plan,Mettre tuteurs,,4b,m,,,,,,,,,8,6,7,,,Les niches éco.,Fabaceae,Maackia,Maackia amurensis,3B,
MAM,,Maackia amurensis 'Maacnificent',1 AR,Maackia de Chine Maacnificent,50mm,voir plan,Mettre tuteurs,,4b,m,,,,,,,,,8,6,7,,,Les niches éco.,Fabaceae,Maackia,Maackia amurensis,3B,
MBY,,Malus 'American Beauty',1 AR,Pommetier American Beauty,-,voir plan,Mettre tuteurs,,,,,,,,,,,,,,,,,,Rosaceae,Malus,,3B,
MAB,,Malus baccata,1 AR,Pommetier baccata,-,voir plan,Mettre tuteurs,,2a,m,,,,,,,,,5,4,"4,5",,,Les niches éco.,Rosaceae,Malus,Malus baccata,3B,
MBC,,Malus baccata columnaris,1 AR,Pommetier baccata colonnaire,-,voir plan,Mettre tuteurs,,2a,m,,,,,,,,,6,1.2,"4,5",,,Les niches éco.,Rosaceae,Malus,Malus baccata,3B,
MBW,,Malus 'Brandywine',1 AR,Pommetier Brandywine,50mm,voir plan,"Fl. double rose foncé, odorante",,4,m,,,,,,,,,5,4,"4,5",,,Les niches éco.,Rosaceae,Malus,,3B,
MAC,,Malus 'Centurion',1 AR,Pommetier Centurion,50mm,voir plan,"Fl. rose, feuille pourpre puis vert",,4a,m,,,,,,,,,5,4,"4,5",,,Les niches éco.,Rosaceae,Malus,,3B,
MCD,,Malus coronaria 'Dolgo',1 AR,Pommetier Dolgo,-,voir plan,Mettre tuteurs,,,,,,,,,,,,,,,,,,Rosaceae,Malus,Malus coronaria,3B,
MOC,,Malus 'Cortland',1 AR,Pommier Cortland,-,voir plan,Mettre tuteurs,,,,,,,,,,,,,,,,,,Rosaceae,Malus,,3B,
MDO,,Malus 'Dolgo',1 AR,Pommetier Dolgo,-,voir plan,"Forme ovale, fleur blanche odorante",,3,m,,,,,,,,,9,8,"4,5",,,Les niches éco.,Rosaceae,Malus,,3B,
MFL,,Malus floribunda,1 AR,Pommetier japonais,-,voir plan,Mettre tuteurs,,,m,,,,,,,,,5,3,"4,5",,,Les niches éco.,Rosaceae,Malus,Malus floribunda,3B,
MAG,,Malus 'Gladiator',1 AR,Pommetier japonais,-,voir plan,Mettre tuteurs,,,m,,,,,,,,,5,3,"4,5",,,Les niches éco.,Rosaceae,Malus,,3B,
MAH,,Malus 'Harvest Gold',1 AR,Pommetier Harvest Gold,-,voir plan,"Bout. rose foncé,fl. Blanche,résist. tavelure-brûl.bactérienne-rouille-blanc",,3a,m,,,,,,,,,5,4,"4,5",,,Les niches éco.,Rosaceae,Malus,,3B,
MHO,,Malus 'Hopa',1 AR,Pommetier Hopa,,voir plan,"Port arrondi large,fl. rose,fruits gelées",,,,,,,,,,,,,,,,,,Rosaceae,Malus,,3B,
MIM,,Malus 'Indian Magic',1 AR,Pommetier Indien magic,50mm,voir plan,"Port arrondi,fl. rose, fruits persistants",,4a,m,,,,,,,,,5,4,"4,5",,,Les niches éco.,Rosaceae,Malus,,3B,
MLI,,Malus 'Liberty',1 AR,Pommier Liberty,-,voir plan,Mettre tuteurs. Pommier sans maladie,,4,m,,,,,,,,,5,5,"4,5",,,Les niches éco.,Rosaceae,Malus,,3B,
MLB,,Malus Lobo,1 AR,Pommier nain lobo,-,voir plan,Mettre tuteurs,,3,m,,,,,,,,,4,3,"4,5",,,Les niches éco.,Rosaceae,Malus,,3B,
MLO,,Malus 'Lodi',1 AR,Pommier Lodi,,voir plan,Mettre tuteurs,,2,m,,,,,,,,,4,3,"4,5",,,Les niches éco.,Rosaceae,Malus,,3B,
MMD,,Malus 'Madonna',1 AR,Pommetier Madonna,50mm,voir plan,"Fl. la plus longue et hâtive, fruits jaune ",,4a,m,,,,,,,,,5,3,"4,5",,,Les niches éco.,Rosaceae,Malus,,3B,
MBT,,Malus 'BECHTEL',1 AR,Pommetier Bechtel,-,voir plan,Mettre tuteurs,,,,,,,,,,,,,,,,,Les niches éco.,Rosaceae,Malus,,3B,
MMA,,Malus 'Makamik',1 AR,Pommetier Makamik,-,voir plan,Mettre tuteurs,,2b,m,,,,,,,,,10,10,"4,5",,,Les niches éco.,Rosaceae,Malus,,3B,
MMI,,Malus 'McIntosh',1 AR,Pommier semi-nain McIntosh,-,voir plan,Mettre tuteurs,,3,m,,,,,,,,,4,3,"4,5",,,Les niches éco.,Rosaceae,Malus,,3B,
MML,,Malus moerlandsii 'Lizet',1 AR,Pommetier Lizet,-,voir plan,Mettre tuteurs,,,,,,,,,,,,,,,,,,Rosaceae,Malus,Malus x moerlandsii,3B,
MMP,,Malus moerlandsii 'Profusion',1 AR,Pommetier Profusion,-,voir plan,Mettre tuteurs,,,,,,,,,,,,,,,,,,Rosaceae,Malus,Malus x moerlandsii,3B,
MMJ,,Malus moerlandsii 'Red jade',1 AR,Pommetier Red jade,-,voir plan,Mettre tuteurs,,,,,,,,,,,,,,,,,,Rosaceae,Malus,Malus x moerlandsii,3B,
MPS,,Malus 'Pink Spires',1 AR,Pommetier Pink Spires,-,voir plan,Longue floraison rose hâtive,,4,m,,,,,,,,,5,3,"4,5",,,Les niches éco.,Rosaceae,Malus,,3B,
MRA,,Malus 'Radiant',1 AR,Pommetier Radiant,-,voir plan,"Feuille vert bronzé, fl.rose,fruits rouges",,,,,,,,,,,,,,,,,,Rosaceae,Malus,,3B,
MRB,,Malus 'Red Baron',1 AR,Pommetier Red Baron,-,voir plan,"Fl. Rose foncé, ",,,,,,,,,,,,,,,,,,Rosaceae,Malus,,3B,
MRD,,Malus 'Red delicious',1 AR,Pommier Red delicious,,voir plan,Mettre tuteurs,,,,,,,,,,,,,,,,,,Rosaceae,Malus,,3B,
MRI,,Malus 'Rinki',1 AR,Pommetier Rinki,-,voir plan,colonnaire fleur rose pâle,,,,,,,,,,,,,,,,,,Rosaceae,Malus,,3B,
MROB,,Malus 'Robinson',1 AR,Pommetier Robinson,,voir plan,Fleur rose pâle sur feuillage bronze.,,4,m,,,,,,,,,8,8,5,,,Les niches éco.,Rosaceae,Malus,,3B,
MRS,,Malus 'Royal Spendor',1 AR,Pommetier Royal Spendor,50mm,voir plan,"Feuille rouge clair lustré, fl. Rose",,3a,m,,,,,,,,,6,5,"4,5",,,Les niches éco.,Rosaceae,Malus,,3B,
MRO,,Malus 'Royalty',1 AR,Pommetier Royalty,,voir plan,"Feuille rouge lustré,fl.Rose,fruits rouges",,,,,,,,,,,,,,,,,,Rosaceae,Malus,,3B,
MRR,,Malus 'Royal Raindrops',1 AR,Pommetier Royal raindrops,,voir plan,,,,,,,,,,,,,,,,,,,Rosaceae,Malus,,3B,
MAR,,Malus 'Rudolph',1 AR,Pommetier Rudolph,-,voir plan,"Très rustique, fl. Rouge, feuille bronzé",,2a,m,,,,,,,,,5,4,"4,5",,,Les niches éco.,Rosaceae,Malus,,3B,
MTI,,Malus 'Sargent Tina',1 AR,Pommetier Sargent Tina,,voir plan,"Sur tige, pleureur, floraison abondante",,4a,m,,,,,,,,,1.5,1,"4,5",,,Les niches éco.,Rosaceae,Malus,,3B,
MLA,,Malus 'Sir Lancelot',1 AR,Pommetier Sir Lancelot,,voir plan,"Sur tige, forme ronde, fl. Blanche",,3a,m,,,,,,,,,3,2.5,"4,5",,,Les niches éco.,Rosaceae,Malus,,3B,
MSN,,Malus 'Snowdrift',1 AR,Pommetier Snowdrift,,voir plan,"Milieu urbain, fl. blanche, fruits orange",,4,m,,,,,,,,,6,6,"4,5",,,Les niches éco.,Rosaceae,Malus,,3B,
MSO,,Malus 'Spring Snow',1 AR,Pommetier Spring Snow,,voir plan,"Fl. blanche, odorante, sans fruits",,4a,m,,,,,,,,,8,6,"4,5",,,Les niches éco.,Rosaceae,Malus,,3B,
MAT,,Malus 'Sugar Tyme',1 AR,Pommetier Sugar Tyme,,voir plan,"Fl. blanche, odorante, fruits rouge",,4a,m,,,,,,,,,5,4,"4,5",,,Les niches éco.,Rosaceae,Malus,,3B,
MTH,,Malus 'Thunderchild',1 AR,Pommetier Thunderchild,,voir plan,Fl. rose avant le feuillage rouge foncé,,3a,m,,,,,,,,,6,4.5,"4,5",,,Les niches éco.,Rosaceae,Malus,,3B,
MVT,,Malus 'Velvet pillar',1 AR,Pommetier Velvet pillar,-,voir plan,"Mettre tuteurs, ref: Pép. Jean-Pierre",,,,,,,,,,,,,,,,,,Rosaceae,Malus,,3B,
MWG,,Malus 'Winter gold',1 AR,Pommetier Winter gold,-,voir plan,Mettre tuteurs,,4a,m,,,,,,,,,7,6,"4,5",,,Les niches éco.,Rosaceae,Malus,,3B,
MXE,,Malus x Evereste,1 AR,Pommetier Evereste,-,voir plan,Mettre tuteurs,,,,,,,,,,,,,,,,,,Rosaceae,Malus,,3B,
MXK,,Malus x 'Kelsey',1 AR,Pommetier Kelsey,-,voir plan,Mettre tuteurs,,2b,m,,w,,S,SS,SSS,loameux,"-7,7,+7",16,15,"4,5,6",n,casse facilement,Hydro-Qc,Rosaceae,Malus,,3B,
MHW,,Malus x 'White Angel',1 AR,Pommetier Withe Angel,50mm,voir plan,Mettre tuteurs,,2b,m,,w,,S,SS,SSS,loameux,"-7,7,+7",16,15,"4,5,6",n,casse facilement,Hydro-Qc,Rosaceae,Malus,,3B,
MXF,,Malus x 'Prairie Fire',1 AR,Pommetier 'Prairie Fire',-,voir plan,Mettre tuteurs,,2b,m,,w,,S,SS,SSS,loameux,"-7,7,+7",16,15,"4,5,6",n,casse facilement,Hydro-Qc,Rosaceae,Malus,,3B,
MXR,,Malus x 'Royal Raindrop',1 AR,Pommetier 'Royal Raindrop',-,voir plan,Mettre tuteurs,,2b,m,,w,,S,SS,SSS,loameux,"-7,7,+7",16,15,"4,5,6",n,casse facilement,Hydro-Qc,Rosaceae,Malus,,3B,
MOA,,Morus alba,1 AR,Murier blanc,60mm,voir plan,Mettre tuteurs,,3b,m,s,,,,,,,,10,15,,n,,Les niches éco.,Moraceae,Morus,Morus alba,3B,
NYS,,Nyssa Sylvatica,1 AR,Gommier noir,60mm,voir plan,Mettre tuteurs,,,,,,,,,,,,,,,,,,Cornaceae,Nyssa,Nyssa Sylvatica,2A,
OVI,,Ostrya virginiana,1 AR,Ostrier de Virginie,50mm,voir plan,Mettre tuteurs,,3a,m,s,w,l,,,,,,10,7,"4,5",i,,Les niches éco.,Betulaceae,Ostrya,Ostrya virginiana,2A,
PAM,,Phellodendron amurense,1 AR,Arbre de liège,50mm,voir plan,Mettre tuteurs,,,,,,,,,,,,,,,n,,,Rutaceae,Phellodendron,Phellodendron amurense,5,
PLO,,Platanus occidentalis,1 AR,Platane d'Amérique,50mm,voir plan,Mettre tuteurs,,5b,m,,w,,,SS,,sablonneux,-7,2,2,"4,5,6",i,vents hivernaux,Hydro-Qc,Platanaceae,Platanus,Platanus occidentalis,1B,
PAN,,Populus alba 'Nivea',1 AR,Peuplier argenté,50mm,voir plan,Mettre tuteurs,,5b,m,,w,,,SS,,sablonneux,-7,2,2,"4,5,6",n,vents hivernaux,Hydro-Qc,Salicaceae,Populus,Populus alba,5,
PAY,,Populus alba 'Pyramidalis',1 AR,Peuplier argenté pyramidal,50mm,voir plan,Mettre tuteurs,,4a,m,,,,,,,,,15,2,,n,,Les niches éco.,Salicaceae,Populus,Populus alba,5,
PBA,,Populus balsamifera,1 AR,Peuplier baumier,50mm,voir plan,Mettre tuteurs,,2a,m,,,,,,,,,25,20,,i,,Les niches éco.,Salicaceae,Populus,Populus balsamifera,5,
PCT,,Populus canescens 'Tower',1 AR,PeuplierTower,50mm,voir plan,Mettre tuteurs,,2b,m,,,,,,,,,12,2,,n,,Les niches éco.,Salicaceae,Populus,Populus x canescens,5,
POD,,Populus deltoides,1 AR,Peuplier deltoide,50mm,voir plan,Mettre tuteurs,,3a,,,,l,,SS,,loameux,"-7,7",5,5,"4,5,6",i,culture difficile,Hydro-Qc,Salicaceae,Populus,Populus deltoides,5,
POA,,Populus grandidentata,1 AR,Peuplier à grande dents,50mm,voir plan,Mettre tuteurs,,4b,m,,w,,S,SS,SSS,,7,10,10,"4,5,6",i,,Hydro-Qc,Salicaceae,Populus,Populus grandidentata,5,
PNI,,Populus nigra 'Italica',1 AR,Peuplier de Lombardie,50mm,voir plan,Mettre tuteurs,,5b,m,,w,,,SS,,"argil,loam,sabl","7,+7",15,5,"4,5,6",n,,Hydro-Qc,Salicaceae,Populus,Populus nigra,5,
POT,,Populus tremuloides,1 AR,Peuplier faux-Tremble,50mm,voir plan,Mettre tuteurs,,5b,m,,,,,SS,,loameux,"7,+7",12,8,"4,5,6",i,,Hydro-Qc,Salicaceae,Populus,Populus tremuloides,5,
PMS,,Populus tremuloides 'Mountain Sentinel',1 AR,Peuplier faux-Tremble 'Mountain Sentinel',50mm,voir plan,Mettre tuteurs,,3,m,,,,,SS,,loameux,"7,+7",11,3,"4,5,6",i,,Hydro-Qc,Salicaceae,Populus,Populus tremuloides,5,
PTR,,Populus tremula 'Erecta',1 AR,Peuplier faux-Tremble colonaire,50mm,voir plan,Mettre tuteurs,,5b,m,,,,,SS,,loameux,"7,+7",12,8,"4,5,6",n,,Hydro-Qc,Salicaceae,Populus,Populus tremula,5,
POS,,Populus deltoides 'Siouxland',1 AR,Peuplier 'Siouxland',70mm,voir plan,Mettre tuteurs,,4b,m,,,,,SS,,loameux,"7,+7",12,8,"4,5,6",n,,Hydro-Qc,Salicaceae,Populus,Populus deltoides,5,
PMO,,Prunus armeniaca 'Moorpark',1b ARB,Abricotier 'Moorark',40mm,voir plan,,,,,,,,,,,,,,,,,,,Rosaceae,Prunus,Prunus armeniaca,4A,
PAS,,Prunus armeniaca 'Scout',1b ARB,Abricotier 'Scout',40mm,voir plan,,,,,,,,,,,,,,,,,,,Rosaceae,Prunus,Prunus armeniaca,4A,
PLA,,Prunus avium 'Stella',1 AR,Cerisier sucré,40mm,voir plan,Mettre tuteurs,,4,m,,,,,SS,,,,,,,,,,Rosaceae,Prunus,Prunus avium,3B,
PCP,,Prunus avium 'Crimson Passion',1 AR,Cerisier sucré,40mm,voir plan,Mettre tuteurs,,,,,,,,,,,,,,,,,,Rosaceae,Prunus,Prunus avium,3B,
PCJ,,Prunus cerasus 'Juliet',1 AR,Cerisier Juliet,40mm,voir plan,Mettre tuteurs,,,,,,,,,,,,,,,n,,,Rosaceae,Prunus,Prunus cerasus,3B,
PCM,,Prunus cerasus 'Montmorency',1 AR,Cerisier Montmorency,40mm,voir plan,Mettre tuteurs,,,,,,,,,,,,,,,n,,,Rosaceae,Prunus,Prunus cerasus,3B,
PDM,,Prunus domestica 'Mont-Royal',1 AR,Prunier Mont-Royal,-,voir plan,Autofécond,,4b,m,,w,,,SS,,"argil,loam,sabl","7,+7",15,12.00,"4,5,6",n,,Hydro-Qc,Rosaceae,Prunus,Prunus domestica,3B,
PGR,,Prunus glandulosa 'Rosea',1 AR,Faux-amandier,40cm,150cm,Tailler après floraison si nécessaire ,,5b,m,,w,,,SS,,loameux,"7,+7",8,6,"4,5,6",,brûlures solaires,Hydro-Qc,Rosaceae,Prunus,Prunus glandulosa,3B,
PKR,,Prunus kerrasis 'Romeo',1 AR,Prunier Romeo,40cm,voir plan,,,,,,,,,,,,,,,,,,,Rosaceae,Prunus,Prunus x kerrasis,3B,
PMK,,Prunus maackii,1 AR,Cerisier de Maack,-,voir plan,Mettre tuteurs,,2b,m,,w,,,,,,,7,5,"4,5,6",,,,Rosaceae,Prunus,Prunus maackii,3B,
PRN,,Prunus nigra,1 AR,Prunier noir,50mm,voir plan,,,4b,m,,,,S,SS,,"argil,loam,sabl","7,+7",7,4,"4,5,6",i,,Les niches éco.,Rosaceae,Prunus,Prunus nigra,3B,
PNP,,Prunus nigra 'Princess Kay',1 AR,Prunier noir,-,voir plan,,,5a,m,,,,,,,,,,,,,,Hydro-Qc,Rosaceae,Prunus,Prunus nigra,3B,
PPA,,Prunus padus,1 AR,Cerisier à grappes,50mm,voir plan,Mettre tuteurs,,2a,m,s,,, , ,, ,,15,15,"4,5,6",n,,Les niches éco.,Rosaceae,Prunus,Prunus padus,2C,
PPC,,Prunus padus 'Colorata',1 AR,Cerisier à grappes,-,voir plan,Mettre tuteurs,,3b,m,s,,,,,,,,10,8,"4,5,6",n,,Les niches éco.,Rosaceae,Prunus,Prunus padus,2C,
PRR,,Prunus padus 'Skinners Red',1 AR,Cerisier à grappes 'Skinners Red',-,voir plan,Mettre tuteurs,,3b,m,s,,,,,,,,10,8,"4,5,6",n,,Les niches éco.,Rosaceae,Prunus,Prunus padus,2C,
PPR,,Prunus persica 'Redhaven',1 AR,Pêcher,40mm,voir plan,Mettre tuteurs,,,,,,,,,,,,,,,,,,Rosaceae,Prunus,Prunus persica,3B,
PUR,,Prunus persica 'Reliance',1 AR,Pêcher 'Reliance',40mm,voir plan,Mettre tuteurs,,,,,,,,,,,,,,,,,,Rosaceae,Prunus,Prunus persica,3B,
PPE,,Prunus pensylvanica,1 AR,Cerisier de Pennsylvanie,50mm,voir plan,Mettre tuteurs,,3a,m,s,,,,,SSS,argileux,-7,20,15,"4,5,6",i,facile d'endommager,Hydro-Qc,Rosaceae,Prunus,Prunus pensylvanica,3B,
PRS,,Prunus serotina,1 AR,Cerisier tardif,40mm,voir plan,Autofécond,,4a,m,,,,,,,,,18,15,"4,5,6",i,,Les niches éco.,Rosaceae,Prunus,Prunus serotina,3B,
PSL,,Prunus avium 'Stella',1 AR,Cerisier Stella,50mm,voir plan,Autofécond,,,,,,,,,,,,,,,,,,Rosaceae,Prunus,Prunus avium,3B,
PTO,,Prunus tomentosa,1 AR,Cerisier Manchu,,voir plan,,,2b,m,s,w,,,,,,,2,2,"4,5",,,Les niches éco.,Rosaceae,Prunus,Prunus tomentosa,3B,
PRV,,Prunus virginiana,1 AR,Cerisier de Virginie,,voir plan,Mettre tuteurs,,2b,m,,,,,,,,,9,6,"4,5,6",i,,Les niches éco.,Rosaceae,Prunus,Prunus virginiana,3B,
PVC,,Prunus virginiana 'Colorata',1 AR,Cerisier de Virginie 'Colorata',50mm,voir plan,Mettre tuteurs,,2b,m,,w,l,S,SS,SSS,"argil,loam,sabl","-7,7,+7",24,24,"4,5,6",i,,Hydro-QC,Rosaceae,Prunus,Prunus virginiana,3B,
PVS2,,Prunus virginiana 'Shubert',1 AR,Cerisier de Virginie 'Schubert',50mm,voir plan,Mettre tuteurs,,2b,m,,,,,,,,,5,4,"4,5,6",i,,Les niches éco.,Rosaceae,Prunus,Prunus virginiana,3B,
PWH,,Prunus W.H.P. no.1,1 AR,Apricot W.H.P. no. 1,50mm,voir plan,Autofécond,,4a,m,,w,,,SS,,loameux,"-7,7",15,12,,n,,Hydro-QC,,,,,
PYA,,Prunus x yedoensis 'Akebono',1 AR,Cerisier décoratif Akebono,50mm,voir plan,Mettre tuteurs,,4,m,,,,,,,,,,,,,,,Rosaceae,Prunus,Prunus x yedoensis,3B,
PFL,,Pyrus communis 'Beauté Flamande',1 AR,Poirier Beauté Flamande,50mm,voir plan,Mettre tuteurs,,3,m,,,,,,,,,4,4,,,,Pépinière Létourneau,Rosaceae,Pyrus,Pyrus communis,3A,
PYS,,Pyrus communis 'Savignac',1 AR,Poirier Savignac,50mm,voir plan,Mettre tuteurs,,,,,,,,,,,,,,,,,,Rosaceae,Pyrus,Pyrus communis,3A,
PYU,,Pyrus ussuriensis 'Prairie Gem',1 AR,Poirier Prairie Gem,50mm,voir plan,Mettre tuteurs,,,,,,,,,,,,,,,,,,Rosaceae,Pyrus,Pyrus ussuriensis,3A,
PYC,,Pyrus calleryana 'Chanticleer',1 AR,Poirier de 'Callery',60mm,voir plan,Mettre tuteurs,,4b,m,,,,,,,,,10,15,,,,Les niches éco.,Rosaceae,Pyrus,Pyrus calleryana,3A,
PYL,,Pyrus calleryana 'Capital',1 AR,Poirier de 'Capital',60mm,voir plan,Mettre tuteurs,,5b,m,,,,,,,,,10,3,,,,Les niches éco.,Rosaceae,Pyrus,Pyrus calleryana,3A,
PYR,,Pyrus calleryana 'Redspire',1 AR,Poirier de 'Capital',60mm,voir plan,Mettre tuteurs,,,,,,,,,,,,,,,,,,Rosaceae,Pyrus,Pyrus calleryana,3A,
QUA,,Quercus alba,1 AR,Chêne blanc,-,voir plan,Mettre tuteurs,,4a,m,s,,,,,,,,25,25,"4,5",i,,Les niches éco.,Fagaceae,Quercus,Quercus alba,4A,
QUS,,Quercus alba x robur 'Streetspire',1 AR,Chêne blanc streetspire,-,voir plan,Mettre tuteurs,,4,m,s,,,,,,,,13,4,"4,5",i,,Les niches éco.,Fagaceae,Quercus,Quercus alba x robur,4A,
QUB,,Quercus bicolor,1 AR,Chêne bleu,50mm,voir plan,Mettre tuteurs,,2a,m,s,,,,,,,,25,17,"4,5",i,,Les niches éco.,Fagaceae,Quercus,Quercus bicolor,4A,
QOC,,Quercus coccinea,1 AR,Chêne écarlate,50mm,voir plan,Mettre tuteurs,,2a,m,s,,,,,,,,25,17,"4,5",,,Les niches éco.,Fagaceae,Quercus,Quercus coccinea,3A,
QMA,,Quercus macrocarpa,1 AR,Chêne à gros fruits,50mm,voir plan,Mettre tuteurs,,2b,m,,,,,,,,,20,20,"4,5,6",i,,Les niches éco.,Fagaceae,Quercus,Quercus macrocarpa,4A,
QPA,,Quercus palustris,1 AR,Chêne de marais,50mm,voir plan,Mettre tuteurs,,4a,m,,,,,,,,,20,13,"4,5,6",,,Les niches éco.,Fagaceae,Quercus,Quercus palustris,4A,
QPG,,Quercus palustris 'Green Pillar',1 AR,Chêne de marais,50mm,voir plan,Mettre tuteurs,,4a,m,,,,,,,,,20,13,"4,5,6",,,Les niches éco.,Fagaceae,Quercus,Quercus palustris,4A,
QRF,,Quercus robur 'Fastigiata',1 AR,Chêne pyramidal,50mm,voir plan,Mettre tuteurs,,4a,m,,,,,,,,,15,3,"4,5,6",,RP' plus résistant,Les niches éco.,Fagaceae,Quercus,Quercus robur,4A,
QRK,,Quercus robur 'Koster',1 AR,Chêne pyramidal 'Koster',50mm,voir plan,Mettre tuteurs,,4,m,,,,,,,,,14.5,2.5,"4,5,6",,,Jardin 2M,Fagaceae,Quercus,Quercus robur,4A,
QRP,,Quercus robur 'Regal Prince',1 AR,Chêne pyramidal 'Regal Prince',50mm,voir plan,Mettre tuteurs,,4,m,,,,,,,,,14.5,2.5,"4,5,6",,,Jardin 2M,Fagaceae,Quercus,Quercus robur,4A,
QRAG,,Quercus robur x alba 'Skinny Genes',1 AR,Chêne pyramidal 'Skinny Genes',50mm,voir plan,Mettre tuteurs,,4a,m,,,,,,,,,15,3,"4,5,6",,,Les niches éco.,Fagaceae,Quercus,Quercus robur,4A,
QRS,,Quercus robur x bicolor 'Kindred Spirit',1 AR,Chêne pyramidal 'Kindred Spirit',50mm,voir plan,Mettre tuteurs,,4,m,,,,,,,,,12,1.8,"4,5,6",,,Les niches éco.,Fagaceae,Quercus,Quercus robur,4A,
QRU,,Quercus rubra,1 AR,Chêne rouge,50mm,voir plan,Mettre tuteurs,,3a,m,s,w,,,,,,,25,8,"4,5,6",i,,Les niches éco.,Fagaceae,Quercus,Quercus rubra,4A,
ROP,,Robinia pseudoacacia,1 AR,Robinier Faux-Acacia,50mm,voir plan,Mettre tuteurs,,4b,m,,,,,,,,,15,9,6,n,bois fragile,Les niches éco.,Fabaceae,Robinia,Robinia pseudoacacia,4B,
RHI,,Robinia x slavinii 'Hillieri',1 AR,Robinier 'Hillieri',50mm,voir plan,Mettre tuteurs,,,,,,,,,,,,,,,n,bois fragile,,Fabaceae,Robinia,Robinia x slavinii,4B,
RPA,,Robinia pseudoacacia 'Umbraculifera',1 AR,Robinier faux-acacia parasol,50mm,voir plan,Mettre tuteurs,,4b,m,,,,,,,,,6,6,,n,bois fragile,Les niches éco.,Fabaceae,Robinia,Robinia pseudoacacia,4B,
RPP,,Robinia pseudoacacia 'Purple Robe',1 AR,Robinier faux-acacia 'Purple Robe',50mm,voir plan,Mettre tuteurs,,3,m,,,,,,,,,15,10,,n,bois fragile,Les niches éco.,Fabaceae,Robinia,Robinia pseudoacacia,4B,
SAD,,Salix discolor,1 AR,Saule discolor,50mm,voir plan,Mettre tuteurs,,,,,,,,,,,,,,,i,,,Salicaceae,Salix,Salix discolor,5,
SAM,,Sorbus americana,1 AR,Sorbier d'Amérique,50mm,voir plan,Mettre tuteurs,,,,,,,,,,,,,,,i,,,Rosaceae,Sorbus,Sorbus americana,3A,
SOA,,Sorbus aucuparia,1 AR,Sorbier des oiseaux,50mm,voir plan,Mettre tuteurs,,3a,m,s,,,,,,,,10,6,"4,5,6",n,brûlure bactérienne,Les niches éco.,Rosaceae,Sorbus,Sorbus aucuparia,3A,
SDE,,Sorbus decora,1 AR,Sorbier plaisant,50mm,voir plan,Mettre tuteurs,,2a,m,,,,,,,,,8,5,"4,5,6",i,,,Rosaceae,Sorbus,Sorbus decora,3A,
STF,,Sorbus x thuringiaca 'Fastigiata',1 AR,Sorbier à feuilles de chênes,50mm,voir plan,Mettre tuteurs,,4a,m,,,,,,,,,8,2.5,"4,5,6",,,Les niches éco.,Rosaceae,Sorbus,Sorbus x thuringiaca,3A,
SRI,,Syringa reticulata 'Ivory Silk',1 AR,Lilas japonais,40mm,voir plan,Mettre tuteurs,,2b,m,s,,,,,,,,8,4.5,,,,Les niches éco.,Oleaceae,Syringa,Syringa reticulata,3A,
SRIT,,Syringa reticulata 'Ivory Silk' Tige,1 AR,Lilas japonais 'Tige' ,40mm,voir plan,Mettre tuteurs,,2b,m,s,,,,,,,,8,4.5,,,,Les niches éco.,Oleaceae,Syringa,Syringa reticulata,3A,
TCO,,Tilia cordata,1 AR,Tilleul à petites feuilles,50mm,voir plan,Mettre tuteurs,,3a,m,s,,,,,,,,15,7,"4,5,6",,,Les niches éco.,Malvaceae,Tilia,Tilia cordata,2A,
TCZ,,Tilia cordata 'Corzam/Corinthian',1 AR,Tilleul à petites feuilles Corzam,50mm,voir plan,Mettre tuteurs,,3a,m,s,,,,,,,,13,4.5,"4,5,6",,,Les niches éco.,Malvaceae,Tilia,Tilia cordata,2A,
TLG,,Tilia cordata 'Greenspire',1 AR,Tilleul Greenspire,50mm,voir plan,Mettre tuteurs,,3a,m,s,,,,,,,,15,12,"4,5,6",,,Les niches éco.,Malvaceae,Tilia,Tilia cordata,2A,
TLR,,Tilia cordata 'Ronald',1 AR,Tilleul Greenspire,50mm,voir plan,Mettre tuteurs,,3a,m,s,,,,,,,,15,12,"4,5,6",,,Les niches éco.,Malvaceae,Tilia,Tilia cordata,2A,
TAM,,Tilia americana,1 AR,Tilleul d'Amérique,50mm,voir plan,Mettre tuteurs,,3b,m,s,w,l,,,,,,25,18,6,i,,Les niches éco.,Malvaceae,Tilia,Tilia americana,2A,
TAN,,Tilia americana 'Nova',1 AR,Tilleul d'Amérique 'Nova',50mm,voir plan,Mettre tuteurs,,,,,,,,,,,,,,,i,,,Malvaceae,Tilia,Tilia americana,2A,
TAS,,Tilia americana 'American Sentry',1 AR,Tilleul d'Amérique 'American Sentry',50mm,voir plan,Mettre tuteurs,,3,m,s,w,,,,,,,,,,i,,,Malvaceae,Tilia,Tilia americana,2A,
TAL,,Tilia americana 'Lincoln',1 AR,Tilleul d'Amérique 'Lincoln',50mm,voir plan,Mettre tuteurs,,3,m,s,w,,,,,,,11,7.5,,i,,,Malvaceae,Tilia,Tilia americana,2A,
TAA,,Tilia americana 'Century',1 AR,Tilleul d'Amérique 'Century',50mm,voir plan,Mettre tuteurs,,3b,m,s,w,,,,SSS,"argil,loam,sabl","-7,7,+7",20,15,"4,5,6",i,,Hydro-Qc,Malvaceae,Tilia,Tilia americana,2A,
TAR,,Tilia americana 'Redmond',1 AR,Tilleul d'Amérique 'Redmond',50mm,voir plan,Mettre tuteurs,,3a,m,s,w,l,,,,,,17,10,6,i,,Les niches éco.,Malvaceae,Tilia,Tilia americana,2A,
TGL,,Tilia cordata 'Glenleven',1 AR,Tilleul à petites feuilles Glenleven,50mm,voir plan,Mettre tuteurs,,3,m,s,w,,,,,,,15,10,6,,,Jardin 2M,Malvaceae,Tilia,Tilia cordata,2A,
TTG,,Tilia tomentosa 'Sterling Silver',1 AR,Tilleul argenté 'Sterling Silver',60mm,voir plan,Mettre tuteurs,,,,,,,,,,,,,,,,,,Malvaceae,Tilia,Tilia tomentosa,2A,
TWR,,Tilia x europaea 'Wrastislaviensis',1 AR,Tilleul à feuilles pâles 'Wrastislaviensis',50mm,voir plan,Mettre tuteurs,,,,,,,,,,,,,,,n,,,Malvaceae,Tilia,Tilia x europaea,2A,
ULA,,Ulmus americana,1 AR,Orme d'amérique,50mm,voir plan,Mettre tuteurs,,2a,m,,,,,SS,,loam sableux,7,15,10,"4,5,6",i,"agrilles, mineuses",Hydro-Qc,Ulmaceae,Ulmus,Ulmus americana,2C,
ULB,,Ulmus americana 'Brandon',1 AR,Orme d'amérique Brandon,70mm,voir plan,Mettre tuteurs,,4,m,s,,,,,,,,,,,i,,,Ulmaceae,Ulmus,Ulmus americana,2C,
UAJ,,Ulmus americana 'Jefferson',1 AR,Orme d'amérique Jefferson,60mm,voir plan,Mettre tuteurs,,4,m,s,,,,,,,,17,14,,i,,J2M,Ulmaceae,Ulmus,Ulmus americana,2C,
ULP,,Ulmus americana 'Princeton',1 AR,Orme d'amérique Princeton,50mm,voir plan,Mettre tuteurs,,3b,m,s,,,,,,,,,,,i,,,Ulmaceae,Ulmus,Ulmus americana,2C,
ULV,,Ulmus americana 'Valley Forge',1 AR,Orme d'amérique Valley Forge,50mm,voir plan,Mettre tuteurs,,3b,m,s,,,,,,,,,,,i,,,Ulmaceae,Ulmus,Ulmus americana,2C,
UDD,,Ulmus davidiana 'Discovery',1 AR,Orme discovery,50mm,voir plan,Mettre tuteurs,,,,,,,,,,,,,,,,,,Ulmaceae,Ulmus,Ulmus davidiana,2C,
UES,,Ulmus davidiana 'Emerald sunshine',1 AR,Orme Emerald sunshine,50mm,voir plan,Mettre tuteurs,,,,,,,,,,,,,,,,,,Ulmaceae,Ulmus,Ulmus davidiana,2C,
UAC,,Ulmus x 'Accolade',1 AR,Orme hybride Accolade,50mm,voir plan,Mettre tuteurs,,4a,m,,,,,,,,,15,12,"4,5",,,Les niches éco.,Ulmaceae,Ulmus,,2C,
UNH,,Ulmus x 'New Horizon',1 AR,Ulmus hybride New Horizon,70mm,voir plan,Mettre tuteurs,,4,m,,,,,,,,,12,7,,,,J2M,Ulmaceae,Ulmus,,2C,
UXF,,Ulmus x 'Frontier',1 AR,Orme hybride Frontier,50mm,voir plan,Mettre tuteurs,,,,,,,,,,,,,,,,,,Ulmaceae,Ulmus,,2C,
UXH,,Ulmus x Homestead,1 AR,Ulmus hybride Homestead,70mm,voir plan,Mettre tuteurs,,4b,m,,,,,,,,,16,10,"4,5",,,Les niches éco.,Ulmaceae,Ulmus,,2C,
UPA,,Ulmus x 'Patriot',1 AR,Ulmus hybride 'Patriot',50mm,voir plan,Mettre tuteurs,,4b,m,,,,,,,,,16,10,"4,5",,,Les niches éco.,Ulmaceae,Ulmus,,2C,
UXP,,Ulmus x 'Pioneer',1 AR,Ulmus hybride Pioneer,70mm,voir plan,Mettre tuteurs,,4b,m,,,,,,,,,15,15,"4,5",,,Les niches éco.,Ulmaceae,Ulmus,Ulmus x hollandica,2C,
UXT,,Ulmus x 'Triumph',1 AR,Ulmus hybride Triumph,60mm,voir plan,Mettre tuteurs,,4b,m,,,,,,,,,15,15,"4,5",,,Les niches éco.,Ulmaceae,Ulmus,,2C,
UPU,,Ulmus pumila,1 AR,Orme de Sibérie,50mm,voir plan,Mettre tuteurs,,3b,m,w,,,S,,,sableux,7,1,1.5,,n,"perceurs, mineuses",Hydro-Qc,Ulmaceae,Ulmus,Ulmus pumila,3B,
UGC,,Ulmus glabra 'Camperdownii',1 AR,Orme parasol,50mm,voir plan,Mettre tuteurs,,2b,m,,,,,SS,,sable loameux,"-7,7,+7",5,5,"4,5,6",n,"agrilles, mineuses",Hydro-Qc,Ulmaceae,Ulmus,Ulmus glabra,2C,
ALR,,Alnus rugosa,1b ARB,Aulne rugeux,200cm,voir plan,Mettre tuteurs,,,,,,,,,,,,,,,i,,,Betulaceae,Alnus,Alnus incana ssp. rugosa,5,
AAL,,Amelanchier alnifolia,1b ARB,Amélanchier glabre,-,150cm,,,4,m,w,,,,,,,,2,"1,2",6, ,,,Rosaceae,Amelanchier,Amelanchier alnifolia,3A,
ALA,,Amelanchier leavis,1b ARB,Amélanchier glabre,100cm,150cm,,,2b,m,w,,l,,,SSS,"argil,loam,sabl","-7,7,+7","1,4","1,4","6,7",i,RÉSISTANT!,Hydro-Qc,Rosaceae,Amelanchier,Amelanchier leavis,3A,
ALSF,,Amelanchier leavis 'Spring Flury' (tige),1b ARB,Amelanchier leavis 'Spring Flury' (tige),50mm diam,voir plan,,,4,m,,,l,,,SSS,"argil,loam,sabl","-7,7,+7","1,4","1,4","6,7",i,RÉSISTANT!,Hydro-Qc,Rosaceae,Amelanchier,Amelanchier leavis,3A,
CAL,,Cornus alternifolia,1b ARB,Cornouiller feuilles alternes,100cm,voir plan,Trouver spécimen en arbre,,,,,,,,,,,,,,,i,,,Cornaceae,Cornus,Cornus alternifolia,2A,
COR,,Cornus rugosa,1b ARB,Cornouiller rugeux,80cm,voir plan,Trouver spécimen en arbre,,,,,,,,,,,,,,,i,,,Cornaceae,Cornus,Cornus rugosa,2A,
COY,,Corylus cornuta,1b ARB,Noisetier à long bec,80cm,voir plan,Trouver spécimen en arbre,,,,,,,,,,,,,,,i,,,Betulaceae,Corylus,Corylus cornuta,2A,
CCN,,Cotinus coggygria 'Nordine',,Arbre à perruque Nordine,100cm,180cm,feuillage rouge pourpre,,,,,,,,,,,,,,,,,,Anacardiaceae,Cotinus,Cotinus coggygria,,
CCY,,Cotinus coggygria,,Arbre à perruque,100cm,200cm,feuillage vert,,,,,,,,,,,,,,,,,,Anacardiaceae,Cotinus,Cotinus coggygria,,
CYL,,Cotinus coggygria 'Young Lady',,Arbre à perruque 'Young Lady',100cm,120cm,feuillage vert,,,,,,,,,,,,,,,,,,Anacardiaceae,Cotinus,Cotinus coggygria,,
GKP,,Ginkgo biloba 'pendula',,Arbre 40 écus pleureur ,,,,,,,,,,,,,,,,,,,,,Ginkgoaceae,Ginkgo,Ginkgo biloba,1B,
HRH,,Hippophae rhamnoides,,Argousier Faux-Nerprun,80cm,180cm,"fruit orangé, port irrégulier, drageonne",,,,,,,,,,,,,,,n,,,Elaeagnaceae,Hippophae,Hippophae rhamnoides,,
MAE,,Magnolia x 'Elizabeth' (sur tige),1b ARB,Magnolia 'Elizabeth',45mm,voir plan,,,,,,,,,,,,,,,,,,,Magnoliaceae,Magnolia,,2A,
MXB,,Magnolia x 'Butterflies' (sur tige),1b ARB,Magnolia 'Butterflies',45mm,voir plan,,,,,,,,,,,,,,,,,,,Magnoliaceae,Magnolia,,2A,
MXG,,Magnolia x 'Goldstar' (sur tige),1b ARB,Magnolia 'Goldstar' (sutr tige),45mm,voir plan,,,,,,,,,,,,,,,,,,,Magnoliaceae,Magnolia,,2A,
MXS,,Magnolia x 'Sunsation' (sur tige),1b ARB,Magnolia 'Sunsation' (sutr tige),45mm,voir plan,,,,,,,,,,,,,,,,,,,Magnoliaceae,Magnolia,,2A,
MXY,,Magnolia x 'Yellow bird' (sur tige),1b ARB,Magnolia 'Yellow bird' (sutr tige),60mm,voir plan,,,,,,,,,,,,,,,,,,,Magnoliaceae,Magnolia,,2A,
SAB,,Salix bebbiana,1b ARB,Saule de Bebb,150cm,150cm,,,2b,m,w,,l,,,SSS,"argil,loam,sabl","-7,7,+7","1,4","1,4","6,7",i,,Hydro-Qc,Salicaceae,Salix,Salix bebbiana,5,
SXR,,Salix reticulata,1b ARB,Saule réticulé,,30cm,,,,,,,,,,,,,0.1,0.3,,i,,,Salicaceae,Salix,Salix reticulata,5,
SOD,,Sorbus decora,1b ARB,Sorbier Plaisant,200cm,150cm,,,2b,m,w,,l,,,SSS,"argil,loam,sabl","-7,7,+7","1,4","1,4","6,7",i,,Hydro-Qc,Rosaceae,Sorbus,Sorbus decora,3A,
SBR,,Sorbus aucuparia 'Rossica',1b ARB,Sorbier ,200cm,150cm,,,2b,m,w,,l,,,SSS,"argil,loam,sabl","-7,7,+7","1,4","1,4","6,7",n,,Hydro-Qc,Rosaceae,Sorbus,Sorbus aucuparia,3A,
SBO,,Syringa 'Bloomerang',1b ARB,Lilas 'Bloomerang,75cm,100cm,,,,,,,,,,,,,,,,,,,Oleaceae,Syringa,,3A,
SYT,,Syringa 'Tinkerbelle',1b ARB,Lilas 'Tinkerbelle',125cm,75cm,,,,,,,,,,,,,,,,,,,Oleaceae,Syringa,,3A,
SJJ,,Syringa 'Josée',1b ARB,Lilas de Mandchourie,150 cm,150cm,,,,,,,,,,,,,,,,,,,Oleaceae,Syringa,,3A,
SJH,,Syringa Josikaea 'Holger',1b ARB,Lilas de Hongrie 'Holger',-,voir plan,Mettre tuteurs,,,,,,,,,,,,,,,,,,Oleaceae,Syringa,,3A,
SME,,Syringa Meyeri,1b ARB,Lilas nain de Corée,-,120cm,"~ velutina, patula, palibiniana",,,,,,,,,,,,,,,,,,Oleaceae,Syringa,Syringa meyeri,3A,
SMP,,Syringa Meyeri 'Palibin',1b ARB,Lilas nain de Corée,50cm,120cm,"~ velutina, patula, palibiniana",,,,,,,,,,,,"1,3","1,3",,,,,Oleaceae,Syringa,Syringa meyeri,3A,
SMT,,Syringa Meyeri 'Palibin' sur tige,1b ARB,Lilas nain de Corée sur tige,50cm,80cm,Tuteurer,,,,,,,,,,,,"1,8","1,5",,,,,Oleaceae,Syringa,Syringa meyeri,3A,
SPM,,Syringa patula 'Miss Kim',1b ARB,Lilas de Mandchourie,100cm,150cm,,,1a,m,w,,,,SS,,sable loameux,"7,+7",20,7,,i,puceron lanigère,Hydro-Qc,Oleaceae,Syringa,Syringa patula,3A,
SRE,,Syringa reticulata,1b ARB,Lilas japonais,100cm,200cm,,,4a,m,,,,S,SS,,Sabloneux,"7,+7","0,6",1,,,"puceron, tordeuse",Hydro-Qc,Oleaceae,Syringa,Syringa reticulata,3A,
SSU,,Syringa 'Superba' (microp.),1b ARB,Lilas superbe,100cm,120cm,,,4a,m,w,,,,SS,,Sabloneux,"7,+7",12,6,,,à l'abri du vent,Hydro-Qc,Oleaceae,Syringa,Syringa microphylla,3A,
SVI,,Syringa villosa,1b ARB,Lilas duveteux,100cm,150cm,,,4b,m,w,,,,SS,,Limoneux,"-7,7",30,2,,,,Hydro-Qc,Oleaceae,Syringa,Syringa villosa,3A,
SVU,,Syringa vulgaris,1b ARB,Lilas des jardins,150cm,200cm,,,5b,m,w,,,,SS,,Limoneux,7,4,2,,n,,Hydro-Qc,Oleaceae,Syringa,Syringa vulgaris,3A,
SLB,,Syringa vulgaris 'Little Blue Boy',1b ARB,Lilas 'Little Blue Boy',150cm,100cm,,,5b,m,w,,,,SS,,Limoneux,7,4,2,,n,,Hydro-Qc,Oleaceae,Syringa,Syringa vulgaris,3A,
SVM,,Syringa vulgaris 'Michel Buchner',1b ARB,Lilas français,125cm,200cm,,,4b,m,,,,,SS,,Limoneux,+7,"0,9","1,25",,n,protéger vents dom.,Hydro-Qc,Oleaceae,Syringa,Syringa vulgaris,3A,
SVL,,Syringa vulgaris 'Mme Lemoine',1b ARB,Lilas français,150cm,200cm,,,4b,m,,,,,SS,,Limoneux,+7,"2,5","1,5",,n,protéger vents dom.,Hydro-Qc,Oleaceae,Syringa,Syringa vulgaris,3A,
SVG,,Syringa vulgaris 'Monge',1b ARB,Lilas français,150cm,200cm,,,4b,m,,,,,SS,,Limoneux,+7,"0,9","1,25",,n,protéger vents dom.,Hydro-Qc,Oleaceae,Syringa,Syringa vulgaris,3A,
SVP,,Syringa vulgaris 'President Grevy',1b ARB,"Lilas bleu-mauve, fleur double",150cm,200cm,,,2a,m,,,,S,,,sablonneux,"-7,7,+7","0,2","0,4","4,5,6",n,,Hydro-Qc,Oleaceae,Syringa,Syringa vulgaris,3A,
SXB,,Syringa x 'Bloomerang',1b ARB,Lilas Bloomerang,80cm,120cm,,,3b,m,,,,S,,,sableux,-7,"0,4","0,6","4,5,6", ,vents hivernaux,Hydro-Qc,Oleaceae,Syringa,,3A,
SXC,,Syringa x 'Charles Joly',1b ARB,Lilas Charles Joly,125cm,125cm,,,3b,m,,,,S,,,sableux,-7,"0,4","0,6","4,5,6", ,vents hivernaux,Hydro-Qc,Oleaceae,Syringa,,3A,
SYJ,,Syringa x 'Josée',1b ARB,Lilas Josée,60cm,75cm,,,,,,,,,,,,,,,,,,,Oleaceae,Syringa,,3A,
SPD,,Syringa x Prest.'Donald Wyman',1b ARB,"Lilas de Preston rose foncé, presque rouge",200cm,150cm,,,5a,m,,,,,SS,,"argil, loam, sabl","-7,7,+7","1,5",1,,n,"rouilles, Phomopsis",Hydro-Qc,Oleaceae,Syringa,Syringa x prestoniae,3A,
SPJ,,Syringa x Prest.'James McFarlane',1b ARB,Lilas de Preston rose,125cm,150cm,,,4,m,,,,,SS,,,,5,5,,n,,BDARBUp30,Oleaceae,Syringa,Syringa x prestoniae,3A,
SPA,,Syringa x Prestonia 'Isabella',1b ARB,Petit lilas de Preston rose lilas,100cm,125cm,,,4a,m,,,,,SS,,"argil, loam, sabl","-7,7,+7","0,8","1,5",,n,"rouilles, Phomopsis",Hydro-Qc,Oleaceae,Syringa,Syringa x prestoniae,3A,
SPI,,Syringa x Prestoniae 'Minuet',1b ARB,Petit lilas de Preston mauve,125cm,125cm,,,4a,m,,,,,SS,,"argil, loam, sabl","-7,7,+7",4,"1,5",,n,"rouilles, Phomopsis",Hydro-Qc,Oleaceae,Syringa,Syringa x prestoniae,3A,
VIN,,Viburnum opulus 'Nanum',1b ARB,Alisier nain,,,,,2,,,,,,,,,,,,,i,,,Viburnaceae,Viburnum,Viburnum opulus,,
VIC,,Viburnum cassinoides,1b ARB,Viorne cassinoide,,,,,2,,,,,,,,,,,,,i,,,Viburnaceae,Viburnum,Viburnum cassinoides,,
VIL,,Viburnum lentago,3 ARBU,Alisier,125cm,200cm,,,,,,,,,,,,,,,,i,,,Viburnaceae,Viburnum,Viburnum lentago,,