CODE,Qté,Nom BOTANIQUE,,Nom commun,Calibre,Distance CàC,Remarques,,Zone,Ensoleillement,,,,Humidité,,,Sol,pH,H,L,Flor,indig/nat,Danger,Référence
AFA,,Acer freemanii 'Autumn fantasy'',1 AR,Érable Freemanii 'Autumn Fantasy',50mm,voir plan,Mettre tuteurs,,4b,m,,,,,,,,,15,10,,,,Les niches éco.
AFC,,Acer freemanii 'Celebration',1 AR,Érable Freemanii 'Celebration',50mm,voir plan,Mettre tuteurs,,4b,m,,,,,,,,,15,10,,,,Les niches éco.
AFI,,Acer freemanii 'Autumn Blaze',1 AR,Érable Autumn Blaze,50mm,voir plan,Mettre tuteurs,,4b,m,,,,,,,,,15,10,,,,Les niches éco.
AFMO,,Acer freemanii 'Marmo',1 AR,Érable freemanii 'Marmo',50mm,voir plan,Mettre tuteurs,,4,m,s,w,,,,,,,,,,,,
AFS,,Acer freemanii 'Sienna Glen',1 AR,Érable Sienna Glen,50mm,voir plan,Mettre tuteurs,,,,,,,,,,,,,,,,,
ACG,,Acer ginnala (multi-troncs),1 AR,Érable de l'Amur,50mm,voir plan,Mettre tuteurs,,2b,m,s,w,l,,,,,,6,5,4,,,Les niches éco.
ACX,,Acer ginnala (tronc unique),1 AR,Érable de l'Amur,50mm,voir plan,Mettre tuteurs,,2b,m,s,w,l,,,,,,6,5,4,,,Les niches éco.
ACF,,Acer ginnala 'Flame' (tronc unique),1 AR,Érable de l'Amur,50mm,voir plan,Mettre tuteurs,,2b,m,s,w,l,,,,,,6,5,4,,,Les niches éco.
AGR,,Acer ginnala 'Flame' (tronc unique),1 AR,Érable de l'Amur 'Ruby Slippers',50mm,voir plan,Mettre tuteurs,,2b,m,s,w,l,,,,,,6,5,4,,,Les niches éco.
AIY,,Acer miyabei 'State tree',1 AR,Érable miyabei,50mm,voir plan,Mettre tuteurs,,,,,,,,,,,,,,,,,
ANE,,Acer negundo,1 AR,Erable à Giguère,50mm,voir plan,Mettre tuteurs,,2a,m,s,w,,,,,,,15,10,,i,,Les niches éco.
ANV,,Acer negundo 'Variegatum',1 AR,Erable à Giguère panaché,50mm,voir plan,Mettre tuteurs,,5b,m,s,w,,,,,,,2,1.5,,n,,Les niches éco.
ACN,,Acer nigrum,1 AR,Erable noir,50mm,voir plan,Mettre tuteurs,,5b,m,s,,,,,,,,30,12,,i,,Les niches éco.
APA,,Acer palmatum 'Atropurpureum',1 AR,Erable du Japon à feuilles pourpres,125cm,120cm,Protéger des vents hivernaux ,,5b,m,s,w,,,,,,,2.5,2.5,4,,,Les niches éco.
APB,,Acer palmatum 'Bloodgood',1 AR,Erable du Japon 'Bloodgood',100cm,120cm,Protéger des vents hivernaux ,,5b,m,s,w,,,,,,,2,1.5,4,,,Les niches éco.
APC,,Acer palmatum 'Crimson Queen',1 AR,Erable du Japon 'Crimson Queen',100cm,100cm,Protéger des vents hivernaux ,,5b,m,s,w,,,,,,,1,2,,,,Les niches éco.
APT,,Acer palmatum 'Dissectum',1 AR,Erable du Japon à feuilles découpées,100cm,100cm,Protéger des vents hivernaux ,,5b,m,s,w,,,,,,,1.5,1,4,,,Les niches éco.
AFG,,Acer palmatum 'Fireglow',1 AR,Erable du Japon 'Fireglow',100cm,voir plan,Protéger des vents hivernaux ,,5b,m,s,w,,,,,,,3,3,,,,Les niches éco.
AEI,,Acer palmatum 'Seiryu',1 AR,Erable du Japon 'Seiryu',100cm,voir plan,Protéger des vents hivernaux ,,5,m,s,w,,,,,,,3,3,,,,Les niches éco.
ASG,,Acer palmatum 'Shishigashira',1 AR,Erable du Japon,100cm,150cm,Protéger des vents hivernaux ,,5b,m,s,w,,,,,,,4,3,,,,Les niches éco.
APE,,Acer pensylvanicum,1 AR,Erable de Pennsylvanie,50mm,voir plan,Mettre tuteurs,,3a,,,w,,,,,,,7,4.5,4,i,,Les niches éco.
APL,,Acer platanoïdes,1 AR,Erable de Norvège,50mm,voir plan,Mettre tuteurs,,4b,m,s,,,,,,,,20,12,4,,,Les niches éco.
APO,,Acer platanoïdes 'Columnare',1 AR,Erable de Norvège colonnaire,50mm,voir plan,Mettre tuteurs,,4b,m,s,,,,,,,,15,4.5,4,,,Les niches éco.
APK,,Acer platanoïdes 'Crimson King',1 AR,Erable rouge de Norvège Crimson King,50mm,voir plan,Mettre tuteurs,,4b,m,,,,,,,,,12,8,4,,,Les niches éco.
ACY,,Acer platanoïdes 'Crimson Sentry',1 AR,Erable rouge de Norvège Crimson Sentry,50mm,voir plan,"Mettre tuteurs, feuillage pourpre",,4b,m,,,,,,,,,10,4,4,,,Les niches éco.
APH,,Acer platanoïdes 'Deborah',1 AR,Erable de Norvège Deborah,50mm,voir plan,Mettre tuteurs,,4b,m,,,,,,,,,18,10,4,,,Les niches éco.
APD,,Acer platanoïdes 'Drummondii',1 AR,Erable arlequin,50mm,voir plan,"Mettre tuteurs, feuillage vert marginé blanc",,5a,m,,,,,,,,,10,6,4,,,Les niches éco.
APL,,Acer platanoïdes 'Emerald Lustre',1 AR,Erable Emerald Lustré,50mm,voir plan,"Mettre tuteurs, feuillage vert foncé",,3a,m,s,,,,,,,,15,12,4,,,Les niches éco.
APQ,,Acer platanoïdes 'Emerald Queen',1 AR,Erable Emerald Queen,50mm,voir plan,"Mettre tuteurs, feuillage vert foncé",,4b,m,s,,,,,,,,15,10,4,,,Les niches éco.
APG,,Acer platanoïdes 'Globosum',1 AR,Erable Globe,50mm,voir plan,Mettre tuteurs,,4b,m,,,,,,,,,20,12,4,,,Les niches éco.
ACL,,Acer platanoïdes 'Royal Red',1 AR,Erable de Norvège Royal Red,50mm,voir plan,"Mettre tuteurs, feuillage rouge foncé",,4b,m,s,,,,,,,,15,10,4,,,Les niches éco.
APS,,Acer platanoïdes 'Schwedleri',1 AR,Erable de Norvège Schwedleri,50mm,voir plan,Mettre tuteurs,,4b,,s,w,,,,,,,15,10,4,,,Les niches éco.
ARU,,Acer rubrum,1 AR,Erable rouge,50mm,voir plan,Mettre tuteurs,,3b,m,,,,,,,,,20,16,,i,pollution urbaine,Les niches éco.
ART,,Acer rubrum (tronc unique),1 AR,Erable rouge sur tige,50mm,voir plan,Mettre tuteurs,,3b,m,,,,,,,,,20,16,4,i,pollution urbaine,Les niches éco.
ARA,,Acer rubrum 'Armstrong',1 AR,Erable rouge Armstrong,50mm,voir plan,Mettre tuteurs,,4,m,,,,,,,,,15,7,4,i,pollution urbaine,Les niches éco.
AGO,,Acer rubrum 'Armstrong Gold',1 AR,Erable rouge Armstrong Gold,50mm,voir plan,Mettre tuteurs,,4,m,s,,,,,,,,12,3.5,4,,,
ABO,,Acer rubrum 'Bowhall',1 AR,Erable rouge Bowhall,50mm,voir plan,Mettre tuteurs,,4,m,s,,,,,,,,13,5,4,i,,
ARM,,Acer rubrum 'Morgan',1 AR,Erable rouge Morgan,50mm,voir plan,Mettre tuteurs,,4a,,,,,,,,,,15,10,4,n,,Les niches éco.
ARD,,Acer rubrum 'Red Sunset',1 AR,Érable rouge Red Sunset,50mm,voir plan,Mettre tuteurs,,3b,m,,,,,,,,,15,5,4,n,,Les niches éco.
ARB,,Acer rubrum 'Brandy Wine',1 AR,Érable rouge Red Sunset,50mm,voir plan,Mettre tuteurs,,3b,m,,,,,,,,,15,10,4,n,,Les niches éco.
ASI,,Acer saccharinum,1 AR,Erable argenté,50mm,voir plan,Mettre tuteurs,,2b,m,s,w,l,,,,,,25,23,4,i,,Les niches éco.
ASK,,Acer saccharinum 'Skinner Select',1 AR,Erable argenté 'Skinner Select',50mm,voir plan,Mettre tuteurs,,2b,m,s,w,l,,,,,,25,23,4,i,,Les niches éco.
ASU,,Acer saccharum,1 AR,Erable à sucre,50mm,voir plan,Mettre tuteurs,,4a,m,,,,,,,,,25,15,4,i,,Les niches éco.
ASO,,Acer saccharum 'Apollo',1 AR,Erable à sucre Apollo,50mm,voir plan,Mettre tuteurs,,4,m,s,,,,,,,,12,3.5,4,i,pollution urbaine,Les niches éco.
ASB,,Acer saccharum 'Bonfire',1 AR,Erable à sucre Bonfire,50mm,voir plan,Mettre tuteurs,,3,m,,,,,,,,,22,17,4,n,,Les niches éco.
ASF,,Acer saccharum 'Fall Fiesta',1 AR,Erable à sucre 'Fall Fiesta',50mm,voir plan,Mettre tuteurs,,4,m,s,w,l,,,,,,25,23,4,i,,Les niches éco.
AEM,,Acer saccharum 'Monumentale',1 AR,Erable à sucre Monumentale,50mm,voir plan,Mettre tuteurs,,4b,m,,w,,,,,,,20,5,4,i,,Les niches éco.
AET,,Acer saccharum 'Temple's',1 AR,Erable à sucre Temple's,50mm,voir plan,Mettre tuteurs,,4,m,s,,,,,,,,10,2,4,i,,Les niches éco.
ASP,,Acer spicatum,1 AR,Erable à épis,,voir plan,Mettre tuteurs,,2a,,,w,,,,,,,7,4,5,i,,Les niches éco.
ACM,,Acer tataricum,1 AR,Érable de Tartarie,50mm,voir plan,,,4a,m,s,,,,,,,,4,4,4,,,Les niches éco.
AMC,,Amelanchier canadensis en talle,1 AR,Amélanchier en talle,3 Troncs min,voir plan,Mettre tuteurs,,2b,m,s,w,,,,,,,6,3,4,i,,Les niches éco.
AML,,Amelanchier canadensis 'Lamarckii',1 AR,Amélanchier Lamarckii,225cm,voir plan,Mettre tuteurs,,2b,,,,,,,,,,7,3,4,,,
ACA,,Amelanchier canadensis sur tige,1 AR,Amélanchier sur tige,-,voir plan,Mettre tuteurs,,2b,m,s,w,,,,,,,4,4,4,i,,Les niches éco.
AGA,,Amelanchier grandifolia 'Autumn Brilliance',1 AR,Amélanchier à grandes fleurs,225cm,voir plan,Mettre tuteurs,,4a,m,s,w,,,,,,,4.5,4.5,4,,,Les niches éco.
ABT,,Amelanchier grandifolia 'Ballerina' sur tige,1 AR,Amélanchier ballerina sur tige,-,voir plan,Mettre tuteurs,,2b,m,s,w,,,,,,,5,2,4,i,,Les niches éco.
AGX,,Amelanchier grandifolia 'Princess Diana',1 AR,Amélanchier ballerina sur tige,-,voir plan,Mettre tuteurs,,2b,m,s,w,,,,,,,5,2,4,i,,Les niches éco.
ALL,,Amelanchier lamarkii 'Cumulus',1 AR,Amelanchier 'Cumulus',45mm,voir plan,Mettre tuteurs,,4,m,,,,,,,,,8,5,5,,,
ARH,,Amelanchier 'Robin Hill',1 AR,Amélanchier 'Robin Hill',-,voir plan,Mettre tuteurs,,4,m,s,w,,,,,,,6,3.5,4,,,Les niches éco.
BAL,,Betula alleghaniensis,1 AR,Bouleau jaune,50mm,voir plan,Mettre tuteurs,,4b,m,s,w,,,,,,,25,15,4,i,,Les niches éco.
BNH,,Betula nigra 'Heritage',1 AR,Bouleau noir 'Heritage',-,voir plan,Mettre tuteurs,,4b,m,s,,,,,,,,15,10,4,,,Les niches éco.
BPA,,Betula papyrifera,1 AR,Bouleau à papier,50mm,voir plan,Mettre tuteurs,,2a,m,,,,,,,,,18,10,4,i,,Les niches éco.
BPP,,Betula papyrifera 'Prairie Dream',1 AR,Bouleau à papier 'Prairie Dream',50mm,voir plan,Mettre tuteurs,,2a,m,,,,,,,,,18,10,4,i,,Les niches éco.
BPR,,Betula papyrifera 'Renaissance',1 AR,Bouleau à papier 'Renaissance',50mm,voir plan,Mettre tuteurs,,3,m,s,w,,,,,,,12,9,,n,,Les niches éco.
BRE,,Betula papyrifera 'Renci',1 AR,Bouleau à papier 'Renci',50mm,voir plan,Mettre tuteurs,,3,m,s,w,,,,,,,12,9,,n,,Les niches éco.
BPT,,Betula papyrifera (talle),1 AR,Bouleau à papier en talle,-,voir plan,,,2a,m,,,,,,,,,,,4,i,,Les niches éco.
BPE,,Betula pendula,1 AR,Bouleau blanc européen,50mm,voir plan,Mettre tuteurs,,2b,m,,,,,,,,,18,10,4,,,Les niches éco.
BAD,,Betula pendula 'Trost's Dwarf',1 AR,Bouleau nain,large,75cm,,,3a,m,,,,,,,,,1,2.5,,,,Les niches éco.
BPY,,Betula pendula 'Youngii',1 AR,Bouleau de Young,-,voir plan,Mettre tuteurs,,2b,m,,,,,,,,,4,9,4-5,,,Les niches éco.
BPD,,Betula platyphylla 'Dakota Pinnacle',1 AR,Bouleau blanc japonais 'Dakota Pinnacle',50mm,voir plan,Mettre tuteurs,,3,m,,,,,,,,,7,3,,,,Jardin 2M
BPK,,Betula platyphylla 'Parkland Pillar',1 AR,Bouleau blanc japonais 'Parkland Pillar',45mm,voir plan,Mettre tuteurs,,4,m,,,,,,,,,12,1.8,,,,Jardin 2M
BPO,,Betula populifolia,1 AR,Bouleau gris,50mm,voir plan,Mettre tuteurs,,3a,m,,,,,,,,,10,5,4-5,i,,Les niches éco.
BUJ,,Betula utilis 'Jacquemontii',1 AR,Bouleau de Jacquemont,3 Troncs min,voir plan,Mettre tuteurs,,4b,m,s,,,,,,,,12,10,4-5,,,Les niches éco.
BVC,,Betula verrucosa 'Crimson Frost',1 AR,Bouleau crimson frost,-,voir plan,Mettre tuteurs,,2b,m,,,,,,,,,18,10,4-5,,,Les niches éco.
FAM,,Fraxinus americana,1 AR,Frêne d'amérique,50mm,voir plan,Mettre tuteurs,,3b,m,,,,,,,,,20,12,,i,,Les niches éco.
FAA,,Fraxinus americana 'Autumn Purple',1 AR,Frêne d'amérique 'Autumn Purple',50mm,voir plan,Mettre tuteurs,,3b,m,,,,,,,,,12,8,,n,,Les niches éco.
FMA,,Fraxinus americana 'Manitou',1 AR,Frêne d'amérique 'Manitou',50mm,voir plan,Mettre tuteurs,,4a,m,,,,,,,,,12,5,,n,,Les niches éco.
FRN,,Fraxinus nigra,1 AR,Frêne noir ,50mm,voir plan,Mettre tuteurs,,2b,m,,,,,,,,,20,12,,i,,Les niches éco.
FNF,,Fraxinus nigra 'Fall Gold',1 AR,Frêne noir Fall Gold,50mm,voir plan,Mettre tuteurs,,2b,m,,,,,,,,,20,12,,n,,Les niches éco.
FPE,,Fraxinus pennsylvanica,1 AR,Frêne rouge,50mm,voir plan,Mettre tuteurs,,3a,m,,,,,,,,,25,9,,i,,Les niches éco.
FPM,,Fraxinus penn.'Marshall Seedless',1 AR,Frêne Asperme,50mm,voir plan,Mettre tuteurs,,4a,m,,,,,,,,,15,10,,n,,Les niches éco.
FPL,,Fraxinus pennsylvanica lanceolata,1 AR,Frêne vert,50mm,voir plan,Mettre tuteurs,,,,,,,,,,,,,,,,,
FPP,,Fraxinus pennsylvnica 'Patmore',1 AR,Frêne Patmore,50mm,voir plan,Mettre tuteurs,,3a,m,,,,,,,,,15,5,,n,,Les niches éco.
FPS,,Fraxinus pennsylvanica 'Summit',1 AR,Frêne rouge Summit,50mm,voir plan,Mettre tuteurs,,3b,m,,,,,,,,,15,10,,n,,Les niches éco.
GBI,,Ginkgo biloba,1 AR,Arbre aux 40 écus,50mm,voir plan,Mettre tuteurs,,4a,m,,,,,,,,,20,10,,,,Les niches éco.
GBA,,Ginkgo biloba 'Autumn Gold',1 AR,Arbre aux 40 écus 'Autumn Gold',50mm,voir plan,Mettre tuteurs,,3,m,,,,,,,,,15,9,,,,Les niches éco.
GBG,,Ginkgo biloba 'Saratoga',1 AR,Arbre aux 40 écus 'Saratoga',50mm,voir plan,Mettre tuteurs,,3,m,,,,,,,,,15,9,,,,Les niches éco.
GBM,,Ginkgo biloba 'Magyar',1 AR,Arbre aux 40 écus 'Magyar',50mm,voir plan,Mettre tuteurs,,4,m,,,,,,,,,12,5,,,,Les niches éco.
GBP,,Ginkgo biloba 'Princeton Sentry',1 AR,Arbre aux 40 écus 'Princeton Sentry',50mm,voir plan,Mettre tuteurs,,5b,m,,,,,,,,,12,5,,,,Les niches éco.
GBE,,Ginkgo biloba 'Elmwood Pillar',1 AR,Arbre aux 40 écus 'Elmwood Pillar',50mm,voir plan,Mettre tuteurs,,4,m,,,,,,,,,5,1.3,,,,Les niches éco.
GBN,,Ginkgo biloba 'Menhir',1 AR,Arbre aux 40 écus 'Menhir',50mm,voir plan,Mettre tuteurs,,4,m,,,,,,,,,5,1.3,,,,Les niches éco.
GTS,,Gleditsia triacanthos 'Shademaster',1 AR,Fèvier Shademaster,50mm,voir plan,Mettre tuteurs,,4a,m,,,,,,,,,15,12,,,,Les niches éco.
GTI,,Gleditsia triacanthos 'Inermis',1 AR,Févier inerme d'amérique,50mm,voir plan,Mettre tuteurs,,4a,m,,,,,,,,,20,18,,,,Les niches éco.
GTII,,Gleditsia triacanthos 'Inermis- Imperial',1 AR,Févier inerme d'amérique 'Imperial',50mm,voir plan,Mettre tuteurs,,4a,m,,,,,,,,,20,18,,,,Les niches éco.
GTB,,Gleditsia triacanthos 'Sunburst',1 AR,Fèvier Sunburst,50mm,voir plan,Mettre tuteurs,,5a,m,,,,,,,,,10,10,,,,Les niches éco.
GTK,,Gleditsia triacanthos'Skyline',1 AR,Fèvier Skyline,50mm,voir plan,Mettre tuteurs,,4a,m,,,,,,,,,15,9,,,,Les niches éco.
GTM,,Gleditsia triacanthos 'Spectrum',1 AR,Fèvier Spectrum,50mm,voir plan,Mettre tuteurs,,5,m,,,,,,,,,15,9,,,,Les niches éco.
GSK,,Gleditsia triacanthos inermis 'Street Keeper',1 AR,Fèvier Street Keeper,50mm,voir plan,Mettre tuteurs,,4,m,,,,,,,,,14,6,,,,Les niches éco.
GTR,,Gleditsia triacanthos inermis 'Ruby Lace',1 AR,Fèvier Ruby Lace,50mm,voir plan,Mettre tuteurs,,5b,m,,,,,,,,,20,18,,,,Les niches éco.
GYM,,Gymnocladus dioicus ,1 AR,Chicot du Canada ,50mm,voir plan,Mettre tuteurs,,5a,m,,,,,,,,,15,10,,,,Les niches éco.
GYD,,Gymnocladus dioicus 'Espresso',1 AR,Chicot du Canada Espresso,50mm,voir plan,Mettre tuteurs,,3,m,,,,,,,,,15,10,,,,Les niches éco.
PAN,,Populus alba 'Nivea',1 AR,Peuplier argenté,50mm,voir plan,Mettre tuteurs,,5b,m,,w,,,SS,,sablonneux,-7,2,2,4-6,n,vents hivernaux,Hydro-Qc
PAY,,Populus alba 'Pyramidalis',1 AR,Peuplier argenté pyramidal,50mm,voir plan,Mettre tuteurs,,4a,m,,,,,,,,,15,2,,n,,Les niches éco.
PBA,,Populus balsamifera,1 AR,Peuplier baumier,50mm,voir plan,Mettre tuteurs,,2a,m,,,,,,,,,25,20,,i,,Les niches éco.
PCT,,Populus canescens 'Tower',1 AR,PeuplierTower,50mm,voir plan,Mettre tuteurs,,2b,m,,,,,,,,,12,2,,,,Les niches éco.
POD,,Populus deltoides,1 AR,Peuplier deltoide,50mm,voir plan,Mettre tuteurs,,3a,,,,l,,SS,,loameux,"-7,7",5,5,4-6,i,culture difficile,Hydro-Qc
POA,,Populus grandidentata,1 AR,Peuplier à grande dents,50mm,voir plan,Mettre tuteurs,,4b,m,,w,,S,SS,SSS,,7,10,10,4-6,n,,Hydro-Qc
PNI,,Populus nigra 'Italica',1 AR,Peuplier de Lombardie,50mm,voir plan,Mettre tuteurs,,5b,m,,w,,,SS,,"argileux, loameux, sablonneux","7,+7",15,5,4-6,n,,Hydro-Qc
POT,,Populus tremuloides,1 AR,Peuplier faux-Tremble,50mm,voir plan,Mettre tuteurs,,5b,m,,,,,SS,,loameux,"7,+7",12,8,4-6,n,,Hydro-Qc
PMS,,Populus tremuloides 'Mountain Sentinel',1 AR,Peuplier faux-Tremble 'Mountain Sentinel',50mm,voir plan,Mettre tuteurs,,3,m,,,,,SS,,loameux,"7,+7",11,3,4-6,n,,Hydro-Qc
PTR,,Populus tremula 'Erecta',1 AR,Peuplier faux-Tremble colonaire,50mm,voir plan,Mettre tuteurs,,5b,m,,,,,SS,,loameux,"7,+7",12,8,4-6,n,,Hydro-Qc
POS,,Populus x 'Siouxland',1 AR,Peuplier 'Siouxland',70mm,voir plan,Mettre tuteurs,,4b,m,,,,,SS,,loameux,"7,+7",12,8,4-6,n,,Hydro-Qc
QUA,,Quercus alba,1 AR,Chêne blanc,-,voir plan,Mettre tuteurs,,4a,m,s,,,,,,,,25,25,4-5,i,,Les niches éco.
QUS,,Quercus alba x robur 'Streetspire',1 AR,Chêne blanc streetspire,-,voir plan,Mettre tuteurs,,4,m,s,,,,,,,,13,4,4-5, ,,Les niches éco.
QUB,,Quercus bicolor,1 AR,Chêne bleu,50mm,voir plan,Mettre tuteurs,,2a,m,s,,,,,,,,25,17,4-5,i,,Les niches éco.
QOC,,Quercus coccinea,1 AR,Chêne écarlate,50mm,voir plan,Mettre tuteurs,,2a,m,s,,,,,,,,25,17,4-5,i,,Les niches éco.
QMA,,Quercus macrocarpa,1 AR,Chêne à gros fruits,50mm,voir plan,Mettre tuteurs,,2b,m,,,,,,,,,20,20,4-6,i,,Les niches éco.
QPA,,Quercus palustris,1 AR,Chêne de marais,50mm,voir plan,Mettre tuteurs,,4a,m,,,,,,,,,20,13,4-6,,,Les niches éco.
QPG,,Quercus palustris 'Green Pillar',1 AR,Chêne de marais,50mm,voir plan,Mettre tuteurs,,4a,m,,,,,,,,,20,13,4-6,,,Les niches éco.
QRF,,Quercus robur 'Fastigiata',1 AR,Chêne pyramidal,50mm,voir plan,Mettre tuteurs,,4a,m,,,,,,,,,15,3,4-6,,RP' plus résistant,Les niches éco.
QRK,,Quercus robur 'Koster',1 AR,Chêne pyramidal 'Koster',50mm,voir plan,Mettre tuteurs,,4,m,,,,,,,,,14.5,2.5,4-6,,,Jardin 2M
QRP,,Quercus robur 'Regal Prince',1 AR,Chêne pyramidal 'Regal Prince',50mm,voir plan,Mettre tuteurs,,4,m,,,,,,,,,14.5,2.5,4-6,,,Jardin 2M
QRAG,,Quercus robur x alba 'Skinny Genes',1 AR,Chêne pyramidal 'Skinny Genes',50mm,voir plan,Mettre tuteurs,,4a,m,,,,,,,,,15,3,4-6,,,Les niches éco.
QRS,,Quercus robur x bicolor 'Kindred Spirit',1 AR,Chêne pyramidal 'Kindred Spirit',50mm,voir plan,Mettre tuteurs,,4,m,,,,,,,,,12,1.8,4-6,,,Les niches éco.
QRU,,Quercus rubra,1 AR,Chêne rouge,50mm,voir plan,Mettre tuteurs,,3a,m,s,w,,,,,,,25,8,4-6,i,,Les niches éco.
TCO,,Tilia cordata,1 AR,Tilleul à petites feuilles,50mm,voir plan,Mettre tuteurs,,3a,m,s,,,,,,,,15,7,4-6,,,Les niches éco.
TCZ,,Tilia cordata 'Corzam/Corinthian',1 AR,Tilleul à petites feuilles Corzam,50mm,voir plan,Mettre tuteurs,,3a,m,s,,,,,,,,13,4.5,4-6,,,Les niches éco.
TLG,,Tilia cordata 'Greenspire',1 AR,Tilleul Greenspire,50mm,voir plan,Mettre tuteurs,,3a,m,s,,,,,,,,15,12,4-6,,,Les niches éco.
TLR,,Tilia cordata 'Ronald',1 AR,Tilleul Greenspire,50mm,voir plan,Mettre tuteurs,,3a,m,s,,,,,,,,15,12,4-6,,,Les niches éco.
TAM,,Tilia americana,1 AR,Tilleul d'Amérique,50mm,voir plan,Mettre tuteurs,,3b,m,s,w,l,,,,,,25,18,6,i,,Les niches éco.
TAN,,Tilia americana 'Nova',1 AR,Tilleul d'Amérique 'Nova',50mm,voir plan,Mettre tuteurs,,,,,,,,,,,,,,,,,
TAS,,Tilia americana 'American Sentry',1 AR,Tilleul d'Amérique 'American Sentry',50mm,voir plan,Mettre tuteurs,,3,m,s,w,,,,,,,,,,,,
TAL,,Tilia americana 'Lincoln',1 AR,Tilleul d'Amérique 'Lincoln',50mm,voir plan,Mettre tuteurs,,3,m,s,w,,,,,,,11,7.5,,,,
TAA,,Tilia americana 'Century',1 AR,Tilleul d'Amérique 'Century',50mm,voir plan,Mettre tuteurs,,3b,m,s,w,,,,SSS,"argileux, loameux, sablonneux","-7,7,+7",20,15,4-6,i,,Hydro-Qc
TAR,,Tilia americana 'Redmond',1 AR,Tilleul d'Amérique 'Redmond',50mm,voir plan,Mettre tuteurs,,3a,m,s,w,l,,,,,,17,10,6,n,,Les niches éco.
TGL,,Tilia cordata 'Glenleven',1 AR,Tilleul à petites feuilles Glenleven,50mm,voir plan,Mettre tuteurs,,3,m,s,w,,,,,,,15,10,6,,,Jardin 2M
TTG,,Tilia tomentosa 'Sterling Silver',1 AR,Tilleul argenté 'Sterling Silver',60mm,voir plan,Mettre tuteurs,,,,,,,,,,,,,,,,,
TWR,,Tilia x europaea 'Wrastislaviensis',1 AR,Tilleul à feuilles pâles 'Wrastislaviensis',50mm,voir plan,Mettre tuteurs,,,,,,,,,,,,,,,,,
ULA,,Ulmus americana,1 AR,Orme d'amérique,50mm,voir plan,Mettre tuteurs,,2a,m,,,,,SS,,loam sablonneux,7,15,10,4-6,n,"agrilles, mineuses",Hydro-Qc
ULB,,Ulmus americana 'Brandon',1 AR,Orme d'amérique Brandon,70mm,voir plan,Mettre tuteurs,,4,m,s,,,,,,,,,,,,,
UAJ,,Ulmus americana 'Jefferson',1 AR,Orme d'amérique Jefferson,60mm,voir plan,Mettre tuteurs,,4,m,s,,,,,,,,17,14,,,,J2M
ULP,,Ulmus americana 'Princeton',1 AR,Orme d'amérique Princeton,50mm,voir plan,Mettre tuteurs,,3b,m,s,,,,,,,,,,,,,
ULV,,Ulmus americana 'Valley Forge',1 AR,Orme d'amérique Valley Forge,50mm,voir plan,Mettre tuteurs,,3b,m,s,,,,,,,,,,,,,
UDD,,Ulmus davidiana 'Discovery',1 AR,Orme discovery,50mm,voir plan,Mettre tuteurs,,,,,,,,,,,,,,,,,
UES,,Ulmus 'Emerald sunshine',1 AR,Orme Emerald sunshine,50mm,voir plan,Mettre tuteurs,,,,,,,,,,,,,,,,,
UAC,,Ulmus x 'Accolade',1 AR,Orme hybride Accolade,50mm,voir plan,Mettre tuteurs,,4a,m,,,,,,,,,15,12,4-5,,,Les niches éco.
UNH,,Ulmus x 'New Horizon',1 AR,Ulmus hybride New Horizon,70mm,voir plan,Mettre tuteurs,,4,m,,,,,,,,,12,7,,n,,J2M
UXF,,Ulmus x 'Frontier',1 AR,Orme hybride Frontier,50mm,voir plan,Mettre tuteurs,,,,,,,,,,,,,,,,,
UXH,,Ulmus x Homestead,1 AR,Ulmus hybride Homestead,70mm,voir plan,Mettre tuteurs,,4b,m,,,,,,,,,16,10,4-5,,,Les niches éco.
UPA,,Ulmus x 'Patriot',1 AR,Ulmus hybride 'Patriot',50mm,voir plan,Mettre tuteurs,,4b,m,,,,,,,,,16,10,4-5,,,Les niches éco.
UXP,,Ulmus x 'Pioneer',1 AR,Ulmus hybride Pioneer,70mm,voir plan,Mettre tuteurs,,4b,m,,,,,,,,,15,15,4-5,,,Les niches éco.
UXT,,Ulmus x 'Triumph',1 AR,Ulmus hybride Triumph,60mm,voir plan,Mettre tuteurs,,4b,m,,,,,,,,,15,15,4-5,,,Les niches éco.
UJA,,Ulmus japonica 'Accolade',1 AR,Orme du Japon,50mm,voir plan,Mettre tuteurs,,3b,m,w,,,S,,,sablonneux,7,1,1.5,,n,"perceurs, mineuses",Hydro-Qc
UPU,,Ulmus pumila,1 AR,Orme de Sibérie,50mm,voir plan,Mettre tuteurs,,3b,m,w,,,S,,,sablonneux,7,1,1.5,,n,"perceurs, mineuses",Hydro-Qc
UGC,,Ulmus glabra 'Camperdownii',1 AR,Orme parasol,50mm,voir plan,Mettre tuteurs,,2b,m,,,,,SS,,"sablonneux, loameux","-7,7,+7",5,5,4-6,n,"agrilles, mineuses",Hydro-Qc
ACG,,Acer ginnala ,1b ARB,Érable de l'Amur,200cm,voir plan,Mettre tuteurs,,,,,,,,,,,,,,,,,
AAL,,Amelanchier alnifolia,1b ARB,Amélanchier glabre,-,150cm,,,4,m,w,,,,,,,,2,1.2,6, ,,
ABT,,Amelanchier can. 'Ballerina' (tronc unique),1b ARB,Amélanchier ballerina sur tige,200cm,voir plan,Mettre tuteurs,,,,,,,,,,,,,,,,pollution urbaine…,
AMC,,Amelanchier canadensis (multi-troncs),1b ARB,Amélanchier en talle,200cm,voir plan,Mettre tuteurs,,,,,,,,,,,,,,,,,
ACA,,Amelanchier canadensis (tronc unique),1b ARB,Amélanchier sur tige,200cm,voir plan,Mettre tuteurs,,,,,,,,,,,,,,,,,
ALA,,Amelanchier leavis,1b ARB,Amélanchier glabre,100cm,150cm,,,2b,m,w,,l,,,SSS,"argileux, loameux, sablonneux","-7,7,+7",1.4,1.4,6-7, ,RÉSISTANT!,Hydro-Qc
ALSF,,Amelanchier leavis 'Spring Flury' (tige),1b ARB,Amelanchier leavis 'Spring Flury' (tige),50mm diam,voir plan,,,4,m,,,l,,,SSS,"argileux, loameux, sablonneux","-7,7,+7",1.4,1.4,6-7, ,RÉSISTANT!,Hydro-Qc
ARH,,Amelanchier 'Robin Hill',1b ARB,Amélanchier 'Robin Hill',200 cm,voir plan,Mettre tuteurs,,,,,,,,,SSS,"argileux, loameux, sablonneux","-7,7,+7",,,,,,
SBO,,Syringa 'Bloomerang',1b ARB,Lilas 'Bloomerang,75cm,100cm,,,,,,,,,,,,,,,,,,
SYT,,Syringa 'Tinkerbelle',1b ARB,Lilas 'Tinkerbelle',125cm,75cm,,,,,,,,,,,,,,,,,,
SJJ,,Syringa 'Josée',1b ARB,Lilas de Mandchourie,150 cm,150cm,,,,,,,,,,,,,,,,,,
SJH,,Syringa Josikaea 'Holger',1b ARB,Lilas de Hongrie 'Holger',-,voir plan,Mettre tuteurs,,,,,,,,,,,,,,,,,
SME,,Syringa Meyeri,1b ARB,Lilas nain de Corée,-,120cm,"~ velutina, patula, palibiniana",,,,,,,,,,,,,,,,,
SMP,,Syringa Meyeri 'Palibin',1b ARB,Lilas nain de Corée,50cm,120cm,"~ velutina, patula, palibiniana",,,,,,,,,,,,1.3,1.3,,,,
SMT,,Syringa Meyeri 'Palibin' sur tige,1b ARB,Lilas nain de Corée sur tige,50cm,80cm,Tuteurer,,,,,,,,,,,,1.8,1.5,,,,
SPM,,Syringa patula 'Miss Kim',1b ARB,Lilas de Mandchourie,100cm,150cm,,,1a,m,w,,,,SS,,"sablonneux, loameux","7,+7",20,7,,i,puceron lanigère,Hydro-Qc
SRE,,Syringa reticulata,1b ARB,Lilas japonais,100cm,200cm,,,4a,m,,,,S,SS,,sablonneux,"7,+7",0.6,1,,n,"puceron, tordeuse",Hydro-Qc
SSU,,Syringa 'Superba' (microp.),1b ARB,Lilas superbe,100cm,120cm,,,4a,m,w,,,,SS,,sablonneux,"7,+7",12,6,,n,à l'abri du vent,Hydro-Qc
SVI,,Syringa villosa,1b ARB,Lilas duveteux,100cm,150cm,,,4b,m,w,,,,SS,,limoneux,"-7,7",30,2,,i,,Hydro-Qc
SVU,,Syringa vulgaris,1b ARB,Lilas des jardins,150cm,200cm,,,5b,m,w,,,,SS,,limoneux,7,4,2,,I,,Hydro-Qc
SLB,,Syringa vulgaris 'Little Blue Boy',1b ARB,Lilas 'Little Blue Boy',150cm,100cm,,,5b,m,w,,,,SS,,limoneux,7,4,2,,n,,Hydro-Qc
SVM,,Syringa vulgaris 'Michel Buchner',1b ARB,Lilas français,125cm,200cm,,,4b,m,,,,,SS,,limoneux,+7,0.9,1.25,,n,protéger vents dom.,Hydro-Qc
SVL,,Syringa vulgaris 'Mme Lemoine',1b ARB,Lilas français,150cm,200cm,,,4b,m,,,,,SS,,limoneux,+7,2.5,1.5,,n,protéger vents dom.,Hydro-Qc
SVG,,Syringa vulgaris 'Monge',1b ARB,Lilas français,150cm,200cm,,,4b,m,,,,,SS,,limoneux,+7,0.9,1.25,,n,protéger vents dom.,Hydro-Qc
SVP,,Syringa vulgaris 'President Grevy',1b ARB,"Lilas bleu-mauve, fleur double",150cm,200cm,,,2a,m,,,,S,,,sablonneux,"-7,7,+7",0.2,0.4,4-6, ,,Hydro-Qc
SAB,,Syringa x 'Agincourt beauty',1b ARB,Lilas Agincourt beauty,80cm,125cm,,,3b,m,,,,S,,,sablonneux,-7,0.4,0.6,4-6, ,vents hivernaux,Hydro-Qc
SXB,,Syringa x 'Bloomerang',1b ARB,Lilas Bloomerang,80cm,120cm,,,3b,m,,,,S,,,sablonneux,-7,0.4,0.6,4-6, ,vents hivernaux,Hydro-Qc
SXC,,Syringa x 'Charles Joly',1b ARB,Lilas Charles Joly,125cm,125cm,,,3b,m,,,,S,,,sablonneux,-7,0.4,0.6,4-6, ,vents hivernaux,Hydro-Qc
SYJ,,Syringa x 'Josée',1b ARB,Lilas Josée,60cm,75cm,,,,,,,,,,,,,,,,,,
SPD,,Syringa x Prest.'Donald Wyman',1b ARB,"Lilas de Preston rose foncé, presque rouge",200cm,150cm,,,5a,m,,,,,SS,,"argileux, loameux, sablonneux","-7,7,+7",1.5,1,,n,"rouilles, Phomopsis",Hydro-Qc
SPJ,,Syringa x Prest.'James McFarlane',1b ARB,Lilas de Preston rose,125cm,150cm,,,4,m,,,,,SS,,,,5,5,,n,,BDARBUp30
SPA,,Syringa x Prestonia 'Isabella',1b ARB,Petit lilas de Preston rose lilas,100cm,125cm,,,4a,m,,,,,SS,,"argileux, loameux, sablonneux","-7,7,+7",0.8,1.5,,n,"rouilles, Phomopsis",Hydro-Qc
SPI,,Syringa x Prestoniae 'Minuet',1b ARB,Petit lilas de Preston mauve,125cm,125cm,,,4a,m,,,,,SS,,"argileux, loameux, sablonneux","-7,7,+7",4,1.5,,n,"rouilles, Phomopsis",Hydro-Qc
ABA,,Abies balsamea,2 CON,Sapin baumier,125cm,,Mettre tuteurs,,2b,m,,,,,SS,,sablonneux-limoneux,"7,+7",7,6,5-6,n,,Hydro-Qc
ABN,,Abies balsamea 'Nana',2 CON,Sapin baumier nain,-,60cm,Protection hivernale,,,,,,,,,,,,,,,,,
ABP,,Abies balsamea 'Piccolo'',2 CON,Sapin baumier Piccolo,60cm,50cm,,,,,,,,,,,,,,,,,,
ACO,,Abies concolor,2 CON,Sapin du Colorado,40cm,,Mettre tuteurs,,4a,m,,,,,SS,,loameux,-7,25,25,,i,,Hydro-Qc
AKS,,Abies koreana 'Silberlocke',2 CON,Sapin de Corée,90cm,150cm,Mettre tuteurs,,,,,,,,,,,,,,,,,
ABL,,Abies lasiocarpa,2 CON,Sapin de l'Ouest,-,,Mettre tuteurs,,4b,m,,,,,SS,SSS,argileux,-7,15,8,4-6,n,chlorose,Hydro-Qc
JCB,,Juniperus chinensis 'Blaauw',2 CON,Génévrier Blaauw,­,80cm,Tailler mai à mi-août si nécessaire ,,3a,m,w,,,,SS,,loameux,"7,+7",15,9,6-7,n,"pucerons, saperde",Hydro-Qc
JGL,,Juniperus chinensis 'Gold Lace',2 CON,Génévrier Gold Lace,­,100cm,Tailler mai à mi-août si nécessaire ,,,,,,,,,,,,,,,,,
JCH,,Juniperus chinensis 'Hetzii',2 CON,Génévrier Hetzii,50cm,150cm,Tailler mai à mi-août si nécessaire ,,3b,m,w,,,,SS,,"argileux, loameux, sablonneux","-7,7,+7",18,10,5,n,dépéris. nectrien,Hydro-Qc
JCL,,Juniperus chinensis 'Blue Point',2 CON,Génévrier Mint Julep,60cm,120cm,Tailler mai à mi-août si nécessaire ,,3b,m,w,,,,SS,,"argileux, loameux, sablonneux","-7,7,+7",18,10,5,n,dépéris. nectrien,Hydro-Qc
JCM,,Juniperus chinensis 'Mint Julep',2 CON,Génévrier Mint Julep,60cm,120cm,Tailler mai à mi-août si nécessaire ,,3b,m,w,,,,SS,,"argileux, loameux, sablonneux","-7,7,+7",18,10,5,n,dépéris. nectrien,Hydro-Qc
JCK,,Juniperus chinensis 'Keteleeri',2 CON,Génévrier Keteleeri,60cm,120cm,Tailler mai à mi-août si nécessaire ,,3b,m,w,,,,SS,,"argileux, loameux, sablonneux","-7,7,+7",18,10,5,n,dépéris. nectrien,Hydro-Qc
JCT,,Juniperus chinensis 'Mountbatten',2 CON,Génévrier Mountbatten,50cm,120cm,Tailler mai à mi-août si nécessaire ,,4b,m,w,,,,SS,SSS,loameux,"-7,7,+7",6,8,5,n,,Hydro-Qc
JCO,,Juniperus chinensis 'Old gold',2 CON,Génévrier Old Gold,150cm,120cm,Tailler mai à mi-août si nécessaire ,,2b,m,w,,,,SS,,,,,,,,,
JCA,,Juniperus chinensis 'Pfit. Aurea',2 CON,Génévrier Pfitzer doré,50cm,150cm,Tailler mai à mi-août si nécessaire ,,1a,m,,,,,,SSS,sablonneux,"-7,7,+7",3,1.5,4-6,i,,Hydro-Qc
JCC,,Juniperus chinensis 'Pfit. Compacta',2 CON,Génévrier Pfit. compact,60cm,135cm,Tailler mai à mi-août si nécessaire ,,,,,,,,,,,,,,,,,Hydro-Qc
JCG,,Juniperus chinensis 'Pfit. Glauca',2 CON,Génévrier Pfitzer bleu,50cm,150cm,Tailler mai à mi-août si nécessaire ,,1b,m,w,,,,,SSS,"argileux, loameux, sablonneux","-7,7,+7",9,5,4-6,n,,Hydro-QC
JCP,,Juniperus chinensis 'Pfitzeriana',2 CON,Génévrier Pfitzer vert,50cm,150cm,Tailler mai à mi-août si nécessaire ,,1b,m,w,,,,,SSS,"argileux, loameux, sablonneux","-7,7,+7",5,5,4-6,i,aménagement,Hydro-Qc
JCS,,Juniperus chinensis 'San Jose',2 CON,Génévrier San Jose,60cm,100cm,Tailler mai à mi-août si nécessaire ,,2b,m,w,,,,,SSS,"argileux, loameux, sablonneux","-7,7,+7",5,5,4-6,i,rouille du genévrier,Hydro-Qc
JCZ,,Juniperus chinensis 'Spartan',2 CON,Génévrier Spartan,45cm,100cm,Tailler mai à mi-août si nécessaire ,,,,,,,,,,,,,,,,,
JCF,,Juniperus chinensis 'Fairview',2 CON,Génévrier ,45cm,100cm,Tailler mai à mi-août si nécessaire ,,,,,,,,,,,,,,,,,
JCD,,Juniperus communis 'Depressa Aurea',2 CON,Génévrier commun doré,125cm,150cm,Tailler mai à mi-août si nécessaire,,,,,,,,,,,,,,,,,
JUC,,Juniperus communis ,2 CON,Génévrier commun,­,50cm,Tailler mai à mi-août si nécessaire,,,,,,,,,,,,,,,,,
JCE,,Juniperus communis 'Compressa',2 CON,Génévrier commun 'Compressa',3 gal.,50cm,Tailler mai à mi-août si nécessaire,,,,,,,,,,,,,,,,,
JGC,,Juniperus communis 'Green Carpet',2 CON,Génévrier commun 'Green Carpet',1 gal.,175cm,Tailler mai à mi-août si nécessaire,,,,,,,,,,,,,,,,,
JUR,,Juniperus communis 'rependa',2 CON,Génévrier du Canada,­,50cm,Tailler mai à mi-août si nécessaire,,,,,,,,,,,,,,,,,
JUS,,Juniperus communis 'Sentinel',2 CON,Génévrier commun 'Sentinel',125cm,30cm,Tailler mai à mi-août si nécessaire,,,,,,,,,,,,,,,,,
JHB,,Juniperus horizontalis 'Bar Harbor',2 CON,Génévrier Bar Harbor,45cm,100cm,Tailler mai à mi-août si nécessaire ,,3,m,w,,,,,SSS,"argileux, loameux, sablonneux",-7,0.6,0.6,6-8,n,,Hydro-Qc
JBA,,Juniperus horizontalis 'Blue Acres',2 CON,Génévrier Blue acre,45cm,100cm,Tailler mai à mi-août si nécessaire ,,2a,m,w,,l,S,SS,SSS,"argileux, loameux, sablonneux",-7,0.15,1,4-6,i,,Hydro-Qc
JHC,,Juniperus horizontalis 'Blue Chip',2 CON,Génévrier Blue Chip,45cm,100cm,Tailler mai à mi-août si nécessaire ,,,,,,,,,,,,,,,,,
JHH,,Juniperus horizontalis 'Hugues',2 CON,Génévrier Hugues,45cm,100cm,Tailler mai à mi-août si nécessaire ,,4a,m,w,,,,SS,,"argileux, loameux, sablonneux","-7,7,+7",1,1,4-6,i,,Hydro-Qc
JIB,,Juniperus horizontalis 'Ice Blue',2 CON,Génévrier Ice Blue,15cm,120cm,Tailler mai à mi-août si nécessaire ,,3a,,,,,,,,,,,,,,,
JML,,Juniperus horizontalis 'Mother Lode',2 CON,Génévrier Mother Lode,20cm,120cm,Tailler mai à mi-août si nécessaire ,,4a,m,w,,,,SS,,"argileux, loameux, sablonneux","-7,7,+7",0.15,1,4-6,i,,Hydro-Qc
JPL,,Juniperus horizontalis 'Plumosa',2 CON,Génévrier dAndorre,50cm,140cm,Tailler mai à mi-août si nécessaire,,,,,,,,,,,,,,,,,
JHP,,Juniperus horizontalis 'Plumosa Compacta',2 CON,Génévrier Andorra comp.,50cm,120cm,Tailler mai à mi-août si nécessaire ,,3,,,,,,,,,,0.4,1.5,,n,,
JHR,,Juniperus horizontalis 'Prince of Wales',2 CON,Génévrier Prince of Wales,50mm,100cm,Tailler mai à mi-août si nécessaire ,,4,,w,,,,,,,,,,,,,
JHW,,Juniperus horizontalis 'Wiltonii',2 CON,Génévrier Wiltonii,45cm,100cm,Tailler mai à mi-août si nécessaire ,,4,,w,,,,,,,,,,,,,
JUH,,Juniperus horizontalis,2 CON,Génévrier horizontal,50cm,100cm,Tailler mai à mi-août si nécessaire ,,4,,w,,,,,,,,,,,,,
JGS,,Juniperus horizontalis 'Gold Strike',2 CON,Génévrier horizontal 'Gold Strike',50cm,100cm,Tailler mai à mi-août si nécessaire ,,4,,,,,,,,,,0.3,0.9,,n,,
JPN,,Juniperus procumbens 'Nana',2 CON,Génévrier prostré nain,40cm,100cm,Tailler mai à mi-août si nécessaire ,,4,,w,,,,,,,,,,,,,
JSA,,Juniperus sabina 'Arcadia',2 CON,Génévrier Arcadia,45cm,100cm,Tailler mai à mi-août si nécessaire ,,4,,w,,,,,,,,,,,,,
JSB,,Juniperus sabina 'Blue Danube',2 CON,Génévrier Blue Danube,45cm,135cm,Tailler mai à mi-août si nécessaire ,,,,,,,,,,,,,,,,,
JBB,,Juniperus sabina 'Broadmoor',2 CON,Génévrier Broadmoor,50cm,100cm,Tailler mai à mi-août si nécessaire ,,4,,w,,,,,,,,,,,,,
JSC,,Juniperus sabina 'Calgary carpet',2 CON,Génévrier Calgary c. vert,45cm,120cm,Tailler mai à mi-août si nécessaire ,,4,,w,,,,,,,,,,,,,
JST,,Juniperus sabina 'Tamariscifolia',2 CON,Génévrier Tamarix,50cm,120cm,Tailler mai à mi-août si nécessaire ,,4,,w,,,,,,,,,,,,,
JPM,,Juniperus scopulorum 'Moffetti Blue',2 CON,Génévrier Moffat Blue,50cm,120cm,Tailler mai à mi-août si nécessaire ,,4,,w,,,,,,,,,,,,,
JPS,,Juniperus scopulorum 'Springbank',2 CON,Génévrier Springbank,150cm,120cm,Tailler mai à mi-août si nécessaire ,,5,m,w,,,,SS,,"argileux, loameux, sablonneux","-7,7,+7",0.6,0.5,4-6,n,,Hydro-Qc
JPT,,Juniperus scopulorum 'Tolleson's Blue Weeping',2 CON,Génévrier Tollesons B. Weeping,150cm,120cm,Tailler mai à mi-août si nécessaire ,,,,,,,,,,,,,,,,,
JPW,,Juniperus scopulorum 'Wichita Blue',2 CON,Génévrier Wichita Blue,120cm,120cm,Tailler mai à mi-août si nécessaire ,,,,,,,,,,,,,,,,,
JPE,,Juniperus scopulorum 'Winter Blue',2 CON,Génévrier Winter Blue,150cm,,Tailler mai à mi-août si nécessaire ,,5,m,w,,,,SS,,"argileux, loameux, sablonneux","-7,7,+7",1.3,1,4-6,n,,Hydro-Qc
JSS,,Juniperus scopulorum,2 CON,Génévrier des rocheuses,150cm,120cm,Tailler mai à mi-août si nécessaire ,,5,m,w,,,,SS,,"argileux, loameux, sablonneux","-7,7,+7",0.4,0.3,4-6,n,,Hydro-Qc
JBL,,Juniperus scopulorum 'Blue Arrow',2 CON,Génévrier Blue Arrow,150cm,80cm,Tailler mai à mi-août si nécessaire ,,,,,,,,,,,,,,,,,
JPB,,Juniperus scopulorum 'Blue Haven',2 CON,Génévrier Blue Haven,120cm,120cm,Tailler mai à mi-août si nécessaire ,,5,m,w,,,,SS,,"argileux, loameux, sablonneux","-7,7,+7",0.6,0.5,4-6,n,,Hydro-Qc
JPG,,Juniperus scopulorum 'Gray Cleam',2 CON,Génévrier des rocheuses,150cm,120cm,Tailler mai à mi-août si nécessaire ,,,,,,,,,,,,,,,,,
JGS,,Juniperus scopulorum 'Green Spire',2 CON,Génévrier des rocheuses,150cm,,Tailler mai à mi-août si nécessaire,,5b,m,,,,,SS,,"humifère, tourbeux","7,-7",0.3,0.6,6-9,n,,Hydro-Qc
JSM,,Juniperus scopulorum 'Medora',2 CON,Génévrier Medora,150cm,120cm,Tailler mai à mi-août si nécessaire ,,5b,m,,,,,SS,,"humifère, tourbeux","7,-7",0.3,0.6,6-9,n,,Hydro-Qc
JSO,,Juniperus scopulorum 'Moffat Blue',2 CON,Génévrier Sc. Moffat Blue,150cm,60cm,,,,,,,,,,,,,,,,,,
JSS,,Juniperus scopulorum 'Skyrocket',2 CON,Génévrier Sc. Skyrocket,150cm,60cm,H: 8m,,2b,m,w,,,S,,,"sablonneux, loameux",,,,,,,
JQB,,Juniperus squamata 'Blue Star',2 CON,Génévrier Blue Star,30cm,80cm,Tailler mai à mi-août si nécessaire ,,4b,m,,,,S,,,"sablonneux, graveleux","-7,7,+7",5,3,4-6,n,,Hydro-Qc
JUV,,Juniperus virginiana,2 CON,Génévrier de Virginie,35cm,120cm,Tailler mai à mi-août si nécessaire ,,3b,,w,,l,,,SSS,loameux,+7,8,7,4-6,i,sensibilité pollution,Hydro-Qc
JVH,,Juniperus virginiana 'Hillspire',2 CON,Génévrier Hillspire,150cm,120cm,Tailler mai à mi-août si nécessaire ,,2a,m,w,,,S,,,loameux,"-7,7,+7",1,0.8,6-8,n,,Hydro-Qc
JVS,,Juniperus virginiana 'Skyrocket',2 CON,Génévrier Skyrocket,150cm,120cm,Tailler mai à mi-août si nécessaire ,,3b,,w,,l,,,SSS,loameux,+7,8,7,4-6,i,sensibilité pollution,Hydro-Qc
JVT,,Juniperus virginiana 'Taylor',2 CON,Génévrier Taylor,150cm,90cm,Tailler mai à mi-août si nécessaire ,,3,,w,,l,,,SSS,loameux,+7,8,7,4-6,i,sensibilité pollution,Hydro-Qc
JMG,,Juniperus x media 'Pfitzeriana Gold Star',2 CON,Génévrier de Pfitxer doré,150cm,120cm,Tailler mai à mi-août si nécessaire ,,4a,m,w,,l,,SS,,loameux,"-7,7,+7",3,2,5-6,n,,Hydro-Qc
JTZ,,Juniperus x media 'Pfitzeriana Gold Lace',2 CON,Génévrier de Pfizer doré,40cm,100cm,Tailler mai à mi-août si nécessaire ,,4a,,,,,,,,,,,,,,,
LAD,,Larix decidua,2 CON,Mélèze commun,150 cm,,Mettre tuteurs,,5b,m,,,,S,,,sablonneux,"-7,7,+7",1,1,4-6,n,,Hydro-Qc
LDP,,Larix décidua 'Pendula',2 CON,Mélèze d'Europe pleureur,50cm,,Tuteurer et protéger l'hiver,,4,m,w,,l,,SS,,meuble et frais,-7,1,1,8-9,,,Abbotsford
LHR,,Larix décidua 'Horstmann Recurva',2 CON,Mélèze d'Europe,50cm,150cm,Mettre tuteurs,,,,,,,,,,,,,,,,,
LKD,,Larix kaempferi 'Diana',2 CON,Mélèze du Japon,200cm,150cm,,,3a,,,,,,,,,,,,,,,
LLA,,Larix laricina,2 CON,Mélèze laricin,200cm,voir plan,Mettre tuteurs,,4,m,w,,l,,,,,,,,,,,Abbotsford
LLD,,Larix laricina 'Deborah Waxman' ,2 CON,Mélèze laricin 'Deborah Waxman',6 gal,120cm,Forme érigée large,,2,,,,,,,,,,,,,,,
LGM,,Larix gmelinii 'Romberg Park',2 CON,Mélèze nain,100cm,,"Larix nain, rocaille, Croissance lente",,3,m,w,,l,,,,,,,,,,,Abbotsford
LVD,,Larix decidua 'Varied Direction',2 CON,Mélèze d'Europe 'Varied Direction',10 gal,voir plan,Larix d'europe 'spécimen',,3,m,w,,,,,,,,,,,,,Abbotsford
PAB,,Picea abies,2 CON,Epinette de Norvège,PB/CT 200 cm,voir plan,Mettre tuteurs,,3,m,w,,l,,,,,,,,,,,Abbotsford
PAX,,Picea abies 'Cupressina',2 CON,Épinette de norvège 'Cupressina',PB/CT 200 cm,1.2,Mettre tuteurs,,3,m,,,,,SS,,"argileux, loameux, sablonneux","-7,7,+7",6,1.5,,n,,Hydro-Qc
PAA,,Picea abies 'Acrocona',2 CON,Épinette de norvège 'Acrocona',175cm,120cm,Mettre tuteurs,,2a,m,w,,l,,SS,,"argileux, loameux, sablonneux","-7,7,+7",2,2,,n,,Hydro-Qc
PAI,,Picea abies 'Inversa',2 CON,Epinette sur tige,125cm,100cm,Tailler autour du 24 juin si nécessaire,,2a,m,w,,l,,SS,,"argileux, loameux, sablonneux","-7,7,+7",2,2,,n,,Hydro-Qc
PLG,,Picea abies 'Little Gem',2 CON,Epinette de Norvège Little Gem,30cm,50cm,Tailler autour du 24 juin si nécessaire,,2a,m,w,,l,,SS,,"argileux, loameux, sablonneux","-7,7,+7",2,2,,n,,Hydro-Qc
PAD,,Picea abies 'Nidiformis',2 CON,Epinette de Norvège nid d'oiseau,40cm,150cm,Tailler autour du 24 juin si nécessaire,,3b/2,m,w,,l,,,SSS,loameux,-7,5,5,4-6,i,sensibilité pollution,Hydro-Qc
PAP,,Picea abies 'Pendula',2 CON,Epinette sur tige,60cm,100cm,Tailler autour du 24 juin si nécessaire,,2,m,w,,l,,,,,,,,,,,Abbotsford
PRU,,Picea abies 'Rubra Spicata',2 CON,Épinette de norvège 'Rubra Spicata',175cm,250cm,Mettre tuteurs,,,,,,,,,,,,,,,,,
PAW,,Picea abies 'Sherwood Compact',2 CON,Épinette de norvège 'Sherwood Compact',175cm,voir plan,Mettre tuteurs,,,,,,,,,,,,,,,,,
PWB,,Picea abies 'Witch's Brood',2 CON,Épinette de norvège 'Witch's Brood',60cm,100cm,,,4a,,,,,,,,,,,,,,,
PGL,,Picea glauca,2 CON,Epinette blanche,-,voir plan,Mettre tuteurs,,2b,m,w,,,,SS,,"argileux, loameux, sablonneux","-7,7,+7",2,2,6-8,i,,Hydro-Qc
PG1,,Picea glauca,2 CON,Epinette blanche,150cm,voir plan,Mettre tuteurs,,2b,m,w,,,,SS,,"argileux, loameux, sablonneux","-7,7,+7",2,2,6-8,i,,Hydro-Qc
PG2,,Picea glauca,2 CON,Epinette blanche,100cm,voir plan,Mettre tuteurs,,2b,m,w,,,,SS,,"argileux, loameux, sablonneux","-7,7,+7",2,2,6-8,i,,Hydro-Qc
PGC,,Picea glauca albertiana 'Conica',2 CON,Epinette naine d'Alberta,80cm,80cm,Tailler autour du 24 juin si nécessaire,,4a,m,w,,l,,,SSS,"argileux, loameux, sablonneux","-7,7,+7",2,3,4-6,i,"chancres, cochenille",Hydro-Qc
PGD,,Picea glauca 'Densata',2 CON,Epinette blanche 'Densata',150cm,voir plan,Mettre tuteurs,,,,,,,,,,,,,,,,,
PGE,,Picea glauca 'Echiniformis',2 CON,Epinette blanche naine,30cm,100cm,Tailler autour du 24 juin si nécessaire,,,,,,,,,,,,,,,,,
PJD,,Picea glauca 'Jean's Dilly',2 CON,Epinette blanche 'Jean's Dilly',50cm,60cm,,,5,,,,,,,,,,,,,,,
PMC,,Pinus mugo 'Sherwood Compact',2 CON,Pin des montagnes,3 Gal,60cm,Pad besoin de taille,,2a,m,w,,l,,SS,,"argileux, loameux, sablonneux","-7,+7",0.15,0.4,4-5, ,,Hydro-Qc
PMN,,Pinus mugo 'Slowmound',2 CON,Pin des montagnes,3 Gal,60cm,Pad besoin de taille,,2a,m,w,,l,,SS,,"argileux, loameux, sablonneux","-7,+7",0.15,0.4,4-5, ,,Hydro-Qc
PBT,,Pinus mugo 'Big Tuna',2 CON,Pin des montagnes,50cm,100cm,Tailler autour du 24 juin si nécessaire,,2a,,,,,,,,,,,,,,,
PMJ,,Pinus mugo 'Jakobsen',2 CON,Pin des montagnes,3Gal,50cm,Tailler autour du 24 juin si nécessaire,,2a,,,,,,,,,,,,,,,
PUO,,Pinus mugo 'Mops',2 CON,Pin nain des montagnes,40cm,80cm,Tailler autour du 24 juin si nécessaire,,,,,,,,,,,,,,,,,
PMM,,Pinus mugo mughus,2 CON,Pin nain des montagnes,35cm,120cm,Tailler autour du 24 juin si nécessaire,,2,m,w,,,,SS,,"argileux, loameux, sablonneux","-7,7,+7",2,1.5,6, ,,Hydro-Qc
PPD,,Pinus mugo 'Paul's Dwarf',2 CON,Pin nain des montagnes,50cm,30cm,Tailler autour du 24 juin si nécessaire,,,,,,,,,,,,,,,,,
PUG,,Pinus mugo 'Pot of Gold',2 CON,Pin nain des montagnes,50cm,100cm,,,2a,,,,,,,,,,,,,,,
PMP,,Pinus mugo 'Pumilio',2 CON,Pin nain des montagnes,35cm,60cm,Tailler autour du 24 juin si nécessaire,,3a,m,w,,,,SS,,"argileux, loameux, sablonneux","-7,7,+7",1,1.2,6, ,,Hydro-Qc
PMW,,Pinus mugo 'white bud',2 CON,Pin nain 'white bud',,,,,2,,,,,,,,,,,,,,,
PNA,,Pinus nigra 'Austriaca',2 CON,Pin noir d'Autriche,50cm,,Tolère bien la pollution,,4b,m,w,,,,SS,,loameux,7,4,3,4-6, ,,Hydro-Qc
PST,,Pinus strobus,2 CON,Pin blanc,250cm,voir plan,"Excellent comme spécimen, brise-vent",,5,m,w,,l,,SS,,loameux,7,0.9,1.3,, ,,Hydro-Qc
PSB,,Pinus strobus 'Blue Shag',2 CON,Pin blanc 'Blue Shag',7 gallon,100cm,,,,,,,,,,,,,,,,,,
PSC,,Pinus strobus contorta,2 CON,pin tortueux,7 gallon,,,,,,,,,,,,,,,,,,,
PIS,,Pinus strobus 'Louie',2 CON,Pin louie,7 gallon,,,,,,,,,,,,,,,,,,,
PSM,,Pinus strobus 'mini twist',2 CON,Pin mini twist ,7 gallon,,,,,,,,,,,,,,,,,,,
PSP,,Pinus strobus 'Pendula',2 CON,Pin blanc pleureur,175cm,,Branche retombantes jusqu'au sol,,4b,m,w,,,,SS,,"argileux, loameux, sablonneux","-7,7,+7",1.2,1.2,4-6, ,sensibilité gelée,Hydro-Qc
PSS,,Pinus strobus 'Sea Urchin',2 CON,Pin blanc 'Sea Urchin',40cm,60cm,,,,,,,,,,,,,,,,,,
PIF,,Pinus strobus 'Fastigiata',2 CON,Pin blanc 'Sea Urchin',40cm,60cm,,,,,,,,,,,,,,,,,,
TAC,,Taxus canadensis,2 CON,If du Canada,-,175cm,Plante indigène,,3a,,w,,,,SS,,sablonneux,-7,1.2,0.25,6-10, ,,Hydro-Qc
TCA,,Taxus cuspidata 'Aurescens',2 CON,If japonais,-,100cm,Tailler à la mi-août si néc. ,,3a,m,w,,l,,SS,,sablonneux,-7,1.2,0.15,7-8, ,,Hydro-Qc
TCC1,,Taxus cuspidata 'Capitata',2 CON,If japonais taillé,70cm,150cm,Tailler à la mi-août si néc. ,,4b,,w,,,,SS,,sablonneux ,"7,+7",0.8,0.8,7-8, ,vents hivernaux,Hydro-Qc
TCC2,,Taxus cuspidata 'Capitata',2 CON,If japonais taillé,150cm,150cm,Tailler à la mi-août si néc. ,,4b,,w,,,,SS,,sablonneux ,"7,+7",0.8,0.8,7-8, ,vents hivernaux,Hydro-Qc
TCC,,Taxus cuspidata 'Capitata',2 CON,If japonais taillé,100cm,150cm,Tailler à la mi-août si néc. ,,4b,,w,,,,SS,,sablonneux ,"7,+7",0.8,0.8,7-8, ,vents hivernaux,Hydro-Qc
TCG,,Taxus cuspidata 'Globe',2 CON,If en boule,100cm,,Assurer un couvert neigeux,,4b,m,w,,,,SS,,sablonneux,-7,2.5,2.5,7-8, ,,Hydro-Qc
TCN,,Taxus cuspidata 'Nana',2 CON,If nain,50cm,100cm,Assurer un couvert neigeux,,,,,,,,,,,,,,,,,
TNO,,Taxus cuspidata 'Nova',2 CON,If érigé,100cm,80cm,Assurer un couvert neigeux,,,,,,,,,,,,,,,,,
TCU,,Taxus cuspidata 'Upright',2 CON,If erigé,-,100cm,Équivalent: Taxus 'Hicksii',,4b,m,w,,,,SS,,sablonneux,-7,2.5,2.5,7-8, ,,Hydro-Qc
TOF,,Thuja occidentalis 'Fastigita',2 CON,Cèdre fastigié,-,60cm,Tailler autour du 24 juin si nécessaire,,4b,m,w,,,,SS,,sablonneux,-7,2.5,2.5,7-8, ,,Hydro-Qc
TON,,Thuja occidentalis 'Little Champion',2 CON,Cèdre nain Little Champion,-,60cm,Tailler autour du 24 juin si nécessaire,,4b,m,w,,,,SS,,sablonneux,-7,2.5,2.5,7-8, ,,Hydro-Qc
TOL,,Thuja occidentalis 'Little Gem',2 CON,Cèdre nain Little Gem,-,60cm,Tailler autour du 24 juin si nécessaire,,3b,m,w,,l,,,SSS,"humifère, tourbeux",-7,1.5,1.2,4-6,i,"oïdium,chloroses",Hydro-Qc
TOG,,Thuja occidentalis 'Little Giant',2 CON,Cèdre nain Little Giant,-,60cm,Tailler autour du 24 juin si nécessaire,,3b,m,w,,l,,,SSS,"humifère, tourbeux",-7,1.5,1.2,4-6,i,"oïdium,chloroses",Hydro-Qc
TNG,,Thuja occidentalis 'Nigra',2 CON,Cèdre noir,150cm,100cm,Tailler autour du 24 juin si nécessaire,,4b,,w,,,,SS,SSS,riche,-7,1.2,0.4,,,,B. Dumont
TNP,,Thuja occidentalis 'North Pole',2 CON,Cèdre 'North Pole',150cm,100cm,Tailler autour du 24 juin si nécessaire,,3,m,w,,,,SS,SSS,riche,-7,1.2,0.4,,,,j2m
TOP,,Thuja occidentalis 'Pyramidalis',2 CON,Cèdre pyramidal,150cm,100cm,Tailler autour du 24 juin si nécessaire,,4b,,w,,,,SS,SSS,riche,-7,1,0.6,,,,B. Dumont
TRH,,Thuja occidentalis 'Rheingold',2 CON,Cèdre Rheingold,5 gal.,150cm,Tailler autour du 24 juin si nécessaire,,4,,,,,,,,,,,,,,,
THU,,Thuja occidentalis 'Sauvageons' 4',2 CON,Cèdre ,5 gal.,150cm,Cèdre sauvageon,,N/D,,,,,,,,,,,,,,,
TOS,,Thuja occidentalis 'Smaragd',2 CON,Cèdre Emeraude Smaragd,200cm,80cm,Tailler autour du 24 juin si nécessaire,,3,,,,,,,,,,4,1,,,,
TOK,,Thuja occidentalis 'Sunkist',2 CON,Cèdre Sunkist,150cm,100cm,Tailler autour du 24 juin si nécessaire,,4a,,w,,,,SS,,"argileux, loameux, sablonneux","-7,7,+7",2.5,2,4-6,n,"mal fongiques,insectes",Hydro-Qc
TOT,,Thuja occidentalis 'Techney',2 CON,Cèdre de Techney,50cm,135cm,Tailler autour du 24 juin si nécessaire,,,,,,,,,,,,,,,,,
TWA,,Thuja occidentalis 'Wareana',2 CON,Cèdre érigé,150cm,150cm,Tailler autour du 24 juin si nécessaire,,,,,,,,,,,,,,,,,
TOW,,Thuja occidentalis 'Woodwardii',2 CON,Cèdre en boule,50cm,100cm,Tailler autour du 24 juin si nécessaire,,,,,,,,,,,,,,,,,
TOC,,Thuja occidentalis,2 CON,Cèdre blanc cultivé,60cm,45cm,Couper de 30cm après plantation,,,,,,,,,,,,,,,,,
TOH,,Thuja occidentalis,2 CON,Cèdre blanc pour haies,60cm,30cm,Couper de 30cm après plantation,,4a,,w,,,,SS,,"argileux, loameux, sablonneux","-7,7,+7",2.5,2,4-6,n,"mal fongiques,insectes",Hydro-Qc
TOA,,Thuja occidentalis 'Aurea',2 CON,Cèdre doré,175cm,30cm,Couper de 30cm après plantation,,,,,,,,,,,,,,,,,
TOB,,Thuja occidentalis 'Boisbriand',2 CON,Cèdre Boisbriand,175cm,60cm,Tailler autour du 24 juin si nécessaire,,,,,,,,,,,,,,,,,
TOD,,Thuja occidentalis 'Brandon',2 CON,Cèdre Brandon,-,100cm,Tailler autour du 24 juin si nécessaire,,3a,m,w,,l,S,SS,SSS,"argileux, loameux, sablonneux","-7,7,+7",1.8,1.5,,n,,Hydro-Qc
TYB,,Thuja occidentalis 'Brabant',2 CON,Cèdre Brabant,-,100cm,Tailler autour du 24 juin si nécessaire,,3a,m,w,,l,S,SS,SSS,"argileux, loameux, sablonneux","-7,7,+7",1.8,1.5,,n,,Hydro-Qc
TDS,,Thuja occidentalis 'Degroots Spire',2 CON,Cèdre Degroots spire,-,100cm,Tailler autour du 24 juin si nécessaire,,3,m,w,,l,S,SS,SSS,"argileux, loameux, sablonneux","-7,7,+7",3,0.6,,n,,Hydro-Qc
TOF,,Thuja occidentalis 'Fastigiata',2 CON,Cèdre pyramidal,-,120cm,Tailler autour du 24 juin si nécessaire,,,,,,,,,,,,,,,,,
TOI,,Thuja occidentalis 'Filiformis,2 CON,Cèdre filiforme ,150cm,120cm,Tailler autour du 24 juin si nécessaire,,,,,,,,,,,,,,,,,
TGO,,Thuja occidentalis 'Golden Globe',2 CON,Cèdre doré en boule,150cm,, ,,4,m,w,,,,SS,,organique,-7.7,3,3,4-6, ,,Hydro-Qc
TJA,,Thuja occidentalis 'Jantar',2 CON,Cèdre jaunâtre ,80cm,, ,,4,m,w,,,,SS,,organique,-7.7,3,3,4-6, ,,Hydro-Qc
TGS,,Thuja occidentalis 'Sunkist',2 CON,Cèdre doré en boule 'Sunkist',150cm,, ,,4,,,,,,,,,,,,,,,
TOY,,Thuja occidentalis 'yellow ribbon',2 CON,Cèdre doré en boule 'Sunkist',150cm,, ,,4,,,,,,,,,,,,,,,
TOM,,Thuja occidentalis 'Holmstrup',2 CON,Cèdre pyramidal,150cm,90cm,Tailler autour du 24 juin si nécessaire,,5,m,w,,,,SS,,organique,-7.7,2.5,0.8,4-6,,,
TOW,,Thuja occidentalis 'Woodwardii',2 CON,Cèdre globulaire,50cm,90cm,Tailler autour du 24 juin si nécessaire,,5,m,w,,,,SS,,organique,-7.7,2.5,0.8,4-6,,,
TCP,,Tsuga canadensis 'Cole's Prostrate',2 CON,Pruche du Canada Cole's Prostrate,30cm,100cm,,,4a,,,,,,,,,,,,,,,
TGW,,Tsuga canadensis 'Gentsch White',2 CON,Pruche du Canada Cole's Prostrate,40cm,100cm,,,4a,,,,,,,,,,,,,,,
TSA,,Tsuga canadensis 'Albospicata',2 CON,Pruche du Canada Jeddeloh,150cm, ,Tailler mai à mi-août si nécessaire ,,4b,m,w,, ,,SS,,organique,-7.7,3,2,4-6,,,
TSP,,Tsuga canadensis 'Jeddeloh',2 CON,Pruche du Canada Jeddeloh,40cm,100cm,Tailler mai à mi-août si nécessaire ,,4b,m,w,,,,SS,,organique,-7.7,3,2,4-6,,,
TSC,,Tsuga canadensis,2 CON,Pruche du Canada,-,,Mettre tuteurs,,2a,m,w,,,,,SSS,organique,-7,1.2,2,4-6,i,,Hydro-Qc
TCM,,Tsuga canadensis 'Moon Frost',2 CON,Pruche du Canada ' Moon Frost ',40cm,100cm,,,3,m,w,,,,SS,,"argileux, loameux, sablonneux","-7,7,+7",0.9,1,6, ,,Hydro-Qc
AAL,,Amelanchier alnifolia,3 ARBU,Amélanchier glabre,-,150cm,En remplacement du A. can. (plus résistant),,4,m,w,,,,,,,,2,1.2,6, ,,
ACD,,Amelanchier canadensis,3 ARBU,Amélanchier du Canada,125cm,150cm,,,4b,m,w,,,,SS,,"argileux, loameux, sablonneux","-7,7,+7",1.5,1.2,7-8, ,,Hydro-Qc
ABI,,Amelanchier canadensis 'Ballerina',3 ARBU,Amélanchier Ballerina,150cm,150cm,,,,,,,,,,,,,,,,,,
ALA,,Amelanchier laevis,3 ARBU,Amélanchier glabre,100cm,150cm,,,2b,m,w,,l,,,SSS,"argileux, loameux, sablonneux","-7,7,+7",1.4,1.4,6-7, ,,Hydro-Qc
AAM,,Aronia melanocarpa 'Autumn Magic',3 ARBU,Aronia noir,30cm,100cm,,,2b,m,w,,l,,,SSS,"argileux, loameux, sablonneux","-7,7,+7",1.6,1.6,6-7, ,,Hydro-Qc
AME,,Aronia melanocarpa,3 ARBU,Aronia noir,30cm,100cm,,,2b,m,w,,l,,,SSS,"argileux, loameux, sablonneux","-7,7,+7",1.6,1.6,6-7, ,,Hydro-Qc
AIB,,Aronia melanocarpa 'Iroquois Beauty',3 ARBU,Aronia noir 'Iroquois Beauty',100m,100cm,,,2b,m,w,,l,,,SSS,"argileux, loameux, sablonneux","-7,7,+7",1.6,1.6,6-7, ,,Hydro-Qc
AIH,,Aronia melanocarpa 'Low scape hedger',3 ARBU,Aronia noir 'Low scape hedger',100m,100cm,,,2b,m,w,,l,,,SSS,"argileux, loameux, sablonneux","-7,7,+7",1.6,1.6,6-7, ,,Hydro-Qc
ARP,,Aronia prunifolia Viking,3 ARBU,Aronia noir,60cm,150cm,,,,,,,,,,,,,,,,,,
BRG,,Berberis thunbergii 'Rose Glow',3 ARBU,Épine-vinette 'Rose Glow',60cm,100cm,,,4a,,,,,,,,,,,,,i,,
BRB,,Berberis thunbergii 'Aurea',3 ARBU,Épine-vinette de Thunberg 'Aurea',40cm,70cm,,,,,,,,,,,,,,,,,,
BCB,,Berberis thunbergii 'Cherry Bomb' ('Monomb'),3 ARBU,Épine-vinette de Thunberg 'Cherry Bomb' ('Monomb'),60cm,80cm,,,4a,,,,,,,,,,,,,,,
BCN,,Berberis thunbergii 'Concorde',3 ARBU,Épine-vinette de Thunberg 'Concorde',40cm,60cm,,,,,,,,,,,,,,,,,,
BTB,,Berberis thunbergii 'Royal Burgundy',3 ARBU,Épine-vinette de Thunberg ''Royal Burgundy',40cm,90cm,,,,,,,,,,,,,0.6,0.9,,,,
BRC,,Berberis thunbergii 'Royal Carousel',3 ARBU,Épine-vinette de Thunberg ''Royal Carousel,80cm,90cm,,,,,,,,,,,,,,,,,,
BTS,,Berberis thunbergii 'Sunsation',3 ARBU,Épine-vinette de Thunberg ''Sunsation',80cm,90cm,,,,,,,,,,,,,,,,,,
CAU,,Cotoneaster acutifolius,3 ARBU,Cotonéastre de Pékin,125cm,90cm,,,,,,,,,,,,,,,,,,
CAI,,Cotoneaster apiculatus,3 ARBU,Cotonéastre apiculé,40cm,150cm,,,4b,,,,,,,,,,,,,,,
CTT,,Cotoneaster apiculata 'Tom Thumb',3 ARBU,Cotonéastre apiculé 'Tom Thumb',20cm,60cm,,,4b,,,,,,,,,,,,,,,
CAP,,Cotoneaster Adpressa Praecox,3 ARBU,Cotonéastre,100cm,120cm,,,,,,,,,,,,,,,,,,
CAD,,Cotoneaster Adpressa Praecox sur tige,3 ARBU,Cotonéastre sur tige,35cm,,,,,,,,,,,,,,,,,,,
CDC,,Cotoneaster dammeri 'Coral Beauty',3 ARBU,Cotonéastre Coral Beauty,50cm,120cm,,,,,,,,,,,,,,,,,,
CDE,,Cotoneaster dammeri 'Eichholz',3 ARBU,Cotonéastre Eichholz,100 cm,100cm,"h:0,2m L:1,5m feuillage semi-persistant",,,,,,,,,,,,,,,,,
CDS,,Cotoneaster dammeri 'Skogholmen',3 ARBU,Cotonéastre Skogholmen,35cm,120cm,,,,,,,,,,,,,,,,,,
CLD,,Cotoneaster lucidus,3 ARBU,Cotonéastre de Pékin,100cm,75cm,supporte facilement la taille,,,,,,,,,,,,,,,,,
EAL,,Euonymus alata,3 ARBU,Fusain ailé,30cm,150cm,,,,,,,,,,,,,,,,,,
EAC,,Euonymus alatus 'Compacta',3 ARBU,Fusain ailé nain,pot 3 gallons,100cm,,,4a,,,,,,,,,,1.5,1.5,,,,
EAF,,Euonymus alatus 'Chicago Fire',3 ARBU,Fusain Chicago Fire,60cm,100cm,,,,,,,,,,,,,,,,,,
EFB,,Euonymus alatus 'Fireball',3 ARBU,Fusain ailé nain 'Fireball',60cm,80cm,rouge vif en automne,,3a,,,,,,,,,,1,1,,,,
ELM,,Euonymus alatus 'Little moss',3 ARBU,Fusain ailé,60cm,80cm,rouge vif en automne - Garde son feuillage plus tardivement,,4,,,,,,,,,,1,1,,,,
EUU,,Euonymus alatus 'Unforgettable Fire' sur tige,3 ARBU,Fusain ailé,60cm,80cm,rouge vif en automne - Garde son feuillage plus tardivement,,4,,,,,,,,,,1,1,,,,
EEU,,Euonymus europaeus,3 ARBU,Fusain dEurope,50cm,180cm,,,,,,,,,,,,,,,,,,
PAJ,,Physocarpus opulifolius 'Amber Jubilee',3 ARBU,Physocarpe DORÉ' Amber Jubilee,2 GAL,120cm,,,3,m,,,,,SS,,organique,-7,2.5,2,5,n,tâche noire,R. rustiques
PCO,,Physocarpus opulifolius 'Coppertina',3 ARBU,Physocarpe bronze Coppertina,80cm,90cm,*Susceptible au blanc,,3,m,,,,,SS,,organique,-7,2.5,2,5,n,tâche noire,R. rustiques
PCW,,Physocarpus opulifolius 'Center Glow',3 ARBU,Physocarpe bronze Coppertina,80cm,90cm,,,3,m,,,,,SS,,organique,-7,2.5,2,5,n,tâche noire,R. rustiques
POG,,Physocarpus opulifolius 'Dart's Gold',3 ARBU,Physocarpe doré,80cm,75cm,,,2,m,,,,,SS,,organique,-7,0.9,1,5,n,,R. rustiques
POE,,Physocarpus opulifolius 'Golden Nugget',3 ARBU,Physocarpe doré 'Golden Nugget',3Gal,120cm,,,2,m,,,,,SS,,organique,-7,1.75,1.75,,n,,J2M
PDI,,Physocarpus opulifolius 'Diabolo',3 ARBU,Physocarpe rouge 'Diabolo',75cm,90cm,,,3,m,,,,,SS,,organique,-7,2.5,2,5,n,tâche noire,R. rustiques
POP,,Physocarpus opulifolius,3 ARBU,Physocarpe feuilles d'Obier,75cm,200cm,,,2,m,w,,,,SS,,organique,-7,2,1.5,6,n,,R. rustiques
PPL,,Physocarpus opulifolius 'Little Devil',3 ARBU,Physocarpe feuilles d'Obier,75cm,200cm,,,2,m,w,,,,SS,,organique,-7,2,1.5,6,n,,R. rustiques
PLC,,Physocarpus opulifolius 'Lemon candy',3 ARBU,Physocarpe doré 'Lemon candy',80cm,120cm,,,3,m,,,,,SS,,organique,-7,0.8,0.8,5,n,vents hivernaux,R. rustiques
PLE,,Physocarpus opulifolius 'Lemon gold',3 ARBU,Physocarpe doré 'Lemon gold',80cm,120cm,,,3,m,,,,,SS,,organique,-7,3.5,2,5,n,vents hivernaux,R. rustiques
POL,,Physocarpus opulifolius 'Luteus',3 ARBU,Physocarpe luteus,60cm,120cm,,,3,m,,,,,SS,,organique,-7,3.5,2,5,n,vents hivernaux,R. rustiques
PON,,Physocarpus opulifolius 'Nanus',3 ARBU,Physocarpe nain,75cm,120cm,,,,,,,,,,,,,,,,,,
PHSS,,Physocarpus opulifolius 'Savannah Sunset',3 ARBU,Physocarpe 'Savannah Sunset',2 GAL,100cm,*Susceptible au blanc,,3,m,w,,,S,,,,,1.3,1.3,6,,,
POW,,Physocarpus opulifolius 'Summer Wine',3 ARBU,Physocarpe 'Summer wine',75cm,100cm,*Susceptible au blanc,,2a,m,w,,,,,,,,1.2,1.2,6,,,
PLW,,Physocarpus opulifolius 'Little Wine',3 ARBU,Physocarpe 'Little wine',75cm,100cm,,,2a,m,w,,,,,,,,1.2,1.2,6,,,
SHP,,Syringa hyacinthi. 'Pocahontas',3 ARBU,Lilas canadien,50cm,200cm,,,2b,m,,,,,SS,,"argileux, loameux, sablonneux","7,-7",2,3,5,n,"champignons,perceurs",Hydro-Qc
SYT,,Syringa 'Tinkerbelle',3 ARBU,Lilas 'Tinkerbelle',125cm,75cm,,,,,,,,,,,,,,,,,,
SJJ,,Syringa 'Josée',3 ARBU,Lilas de Mandchourie,150 cm,150cm,,,,,,,,,,,,,,,,,,
SBB,,Syringa 'Bloomerang Dark Purple',3 ARBU,Lilas,140 cm,130cm,,,,,,,,,,,,,,,,,,
SJH,,Syringa Josikaea 'Holger',3 ARBU,Lilas de Hongrie 'Holger',-,voir plan,Mettre tuteurs,,,,,,,,,,,,,,,,,
SME,,Syringa meyeri,3 ARBU,Lilas de Corée,-,120cm,"~ velutina, patula, palibiniana",,,,,,,,,,,,,,,,,
SMP,,Syringa meyeri 'Palibin',3 ARBU,Lilas nain de Corée,50cm,120cm,"~ velutina, patula, palibiniana",,,,,,,,,,,,1.3,1.3,,,,
SMT,,Syringa meyeri 'Palibin' sur tige,3 ARBU,Lilas nain de Corée sur tige,3 gal.,voir plan,Tuteurer,,,,,,,,,,,,1.8,1.5,,,,
SPM,,Syringa patula 'Miss Kim',3 ARBU,Lilas de Mandchourie,100cm,150cm,,,1a,m,w,,,,SS,,sablonneux,"7,+7",2,1.5,,i,puceron lanigère,Hydro-Qc
SRE,,Syringa reticulata,3 ARBU,Lilas japonais,100cm,200cm,,,4a,m,,,,S,SS,,sablonneux,"7,+7",0.6,1,,n,"puceron, tordeuse",Hydro-Qc
SSU,,Syringa 'Superba' (microp.),3 ARBU,Lilas superbe,100cm,120cm,,,4a,m,w,,,,SS,,sablonneux,"7,+7",12,6,,n,à l'abri du vent,Hydro-Qc
SVI,,Syringa villosa,3 ARBU,Lilas duveteux,100cm,150cm,,,4b,m,w,,,,SS,,limoneux,"-7,7",30,2,,i,,Hydro-Qc
SVU,,Syringa vulgaris,3 ARBU,Lilas commun,150cm,200cm,,,5b,m,w,,,,SS,,limoneux,7,4,2,,I,,Hydro-Qc
SLB,,Syringa vulgaris 'Little Blue Boy',3 ARBU,Lilas 'Little Blue Boy',150cm,100cm,,,5b,m,w,,,,SS,,limoneux,7,4,2,,n,,Hydro-Qc
SVM,,Syringa vulgaris 'Michel Buchner',3 ARBU,Lilas français,125cm,200cm,,,4b,m,,,,,SS,,limoneux,+7,0.9,1.25,,n,protéger vents dom.,Hydro-Qc
SVL,,Syringa vulgaris 'Mme Lemoine',3 ARBU,Lilas français,150cm,200cm,,,4b,m,,,,,SS,,limoneux,+7,2.5,1.5,,n,protéger vents dom.,Hydro-Qc
SVG,,Syringa vulgaris 'Monge',3 ARBU,Lilas français,150cm,200cm,,,4b,m,,,,,SS,,limoneux,+7,0.9,1.25,,n,protéger vents dom.,Hydro-Qc
SVP,,Syringa vulgaris 'President Grevy',3 ARBU,"Lilas bleu-mauve, fleur double",150cm,200cm,,,2a,m,,,,S,,,sablonneux,"-7,7,+7",0.2,0.4,4-6, ,,Hydro-Qc
SAB,,Syringa x 'Agincourt beauty',3 ARBU,Lilas Agincourt beauty,80cm,125cm,,,3b,m,,,,S,,,sablonneux,-7,0.4,0.6,4-6, ,vents hivernaux,Hydro-Qc
SXC,,Syringa x 'Charles Joly',3 ARBU,Lilas Charles Joly,125cm,125cm,,,3b,m,,,,S,,,sablonneux,-7,0.4,0.6,4-6, ,vents hivernaux,Hydro-Qc
SYJ,,Syringa x 'Josée',3 ARBU,Lilas Josée,60cm,75cm,,,,,,,,,,,,,,,,,,
SYL,,Syringa x Laciniata,3 ARBU,Lilas à feuilles à dentelle,60cm,90cm,,,,,,,,,,,,,,,,,,
SPD,,Syringa x Prest.'Donald Wyman',3 ARBU,"Lilas de Preston rose foncé, presque rouge",200cm,150cm,,,5a,m,,,,,SS,,"argileux, loameux, sablonneux","-7,7,+7",1.5,1,,n,"rouilles, Phomopsis",Hydro-Qc
SPJ,,Syringa x Prest.'James McFarlane',3 ARBU,Lilas de Preston rose,125cm,150cm,,,4,m,,,,,SS,,,,5,5,,n,,BDARBUp30
SPA,,Syringa x Prestonia 'Isabella',3 ARBU,Petit lilas de Preston rose lilas,100cm,125cm,,,4a,m,,,,,SS,,"argileux, loameux, sablonneux","-7,7,+7",0.8,1.5,,n,"rouilles, Phomopsis",Hydro-Qc
SPI,,Syringa x Prestoniae 'Minuet',3 ARBU,Petit lilas de Preston mauve,125cm,125cm,,,4a,m,,,,,SS,,"argileux, loameux, sablonneux","-7,7,+7",4,1.5,,n,"rouilles, Phomopsis",Hydro-Qc
SMC,,Syringa x Prest.'Miss Canada',3 ARBU,Lilas de Preston rose,125cm,150cm,,,4,m,,,,,SS,,,,5,5,,n,,BDARBUp30
ami,,Achillea millefolium,4 VIV,Achillée milllefeuille - Herbe-à-Dinde,pot 10cm,45cm,Indigène -Tolère sol sec,,3,,,,,,,,,,0.5,0.4,,i,,
acq,,Achillea millefolium 'Cerise Queen',4 VIV,Achilée Cerise Queen,pot 10cm,40cm,Limiter étalement avec bordure,,,,,,,,,,,,,,,,,
anc,,Anemone canadensis,4 VIV,Anémone du Canada,pot 10cm,40cm,Indigène - Croissance rapide et envahissante - ,,3,m,w,,,,SS,,loam argileux,-7,0.35,0.25,,n,"chancre, puceron",Hydro-Qc
abw,,Anemone blanda 'White Splendor',4 VIV,Anémone de Grèce 'White Splendor',-,5cm,bulbe,,,,,,,,,,"argileux, loameux, sablonneux",,,,,,,
ahj,,Anemone 'Honorine Jobert',4 VIV,Grande Anémone blanche ,pot 10cm,45cm,,,4a,m,w,,,,SS,,loameux,-7,2,0.8,,n,vents hivernaux,Hydro-Qc
apr,,Anemone hupehensis 'Praecox',4 VIV,Anémone du Japon Praecox,pot 1 litre,45cm,,,4,,,,,,,,,,,,,,,
ahc,,Anemone hupehensis 'September Charm',4 VIV,Anémone du Japon September Charm,pot 1 litre,45cm,,,1a,m,w,,,,,SSS,tourbeux,-7,0.7,0.45,6,i,,Hydro-Qc
aha,,Anemone hybride 'Alba',4 VIV,Anémone hybride blanche,pot 1 litre,45cm,,,3b,m,w,,,,SS,,loameux,"-7,7,+7",15,3,,n,"brûlure solaire, vents hivernaux",Hydro-Qc
apa,,Anemone x hybrida 'Pamina',4 VIV,Anémone hybride rose,pot 1 litre,45cm,,,3b,m,w,,,,SS,,loameux,"-7,7,+7",15,3,,n,"brûlure solaire, vents hivernaux",Hydro-Qc
aph,,Anemone hupehensis 'Prinz Heinrich',4 VIV,Anémone du Japon,pot 10cm,50cm,,,2b,m,,,,,,,,,,,,,,
apv,,Anemone pulsatilla 'Vulgaris',4 VIV,Anémone pulsatille,pot 10cm,30cm,,,,,,,,,,,,,,,,,,
apr,,Anemone pulsatilla 'Vulgaris' rouge,4 VIV,Anémone pulsatille rouge,pot 10cm,30cm,,,2a,m,w,,,,SS,,loam sablonneux,"-7,7",20,8,,n,,Hydro-Qc
anr,,Anemone vitifolia 'Robustissima',4 VIV,Anémone d'Automne,pot 10cm,40cm,Floraison autonmale - Rose pâle H:120cm,,4,m,,,,,SS,,loam sablonneux,"-7,7",20,8,,n,"tordeuse, puceron",Hydro-Qc
avg,,Anemone virginiana,4 VIV,Anémone de Virginie,pot 10cm,35cm,Indigène - Grande plante H:90cm,,3,m,,,,,SS,,loam sablonneux,"-7,7",20,8,,n,,Indigo
eap,,Echinacea 'Art's Pride',4 VIV,Rudbeckie Art's Pride,-,90cm,,,,,,,,,,,,,,,,,,
ebs,,Echinacea 'Big Sky Sundown',4 VIV,Rudbeckie orange,-,90cm,,,,,,,,,,,,,,,,,,
ecm,,Echinacea 'Cara mia yellow',4 VIV,Échinacée jaune,1 gal,45cm,,,5.00E+00,,,,,,,,,,0.45,0.6,,,,
epu,,Echinacea purpurea,4 VIV,Échinacée pourpre,-,45cm,,,,,,,,,,,,,,,,,,
epa,,Echinacea purpurea 'Alba',4 VIV,Échinacée blanche,pot 10cm,45cm,,,3,,,,,,,,,,0.7,0.45,,,,
eam,,Echinacea purpurea 'After Midnight',4 VIV,Échinacée magenta foncé,pot 10cm,45cm,,,,,,,,,,,,,,,,,,
ekw,,Echinacea 'Kismet White',4 VIV,Échinacée blanche 'Kismet White',pot 10cm,45cm,,,,,,,,,,,,,,,,,,
epi,,Echinacea purpurea 'Bravado',4 VIV,Échinacée rose foncé,pot 10cm,45cm,,,,,,,,,,,,,,,,,,
eps,,Echinacea purpurea 'Bright Star',4 VIV,Échinacée rose foncé 'Bright Star',pot 10cm,45cm,,,,,,,,,,,,,,,,,,
ecl,,Echinacea purpurea 'Coconut Lime',4 VIV,Échinacée blanche 'Coconut Lime',pot 10cm,40cm,,,,,,,,,,,,,,,,,,
ecle,,Echinacea 'Cleopatra',4 VIV,Échinacée blanche 'Cleopatra',pot 10cm,60cm,,,,,,,,,,,,,0.6,0.6,,,,
efa,,Echinacea purpurea 'Fatal Attraction',4 VIV,Échinacée rose 'Fatal Attraction',pot 10cm,60cm,,,,,,,,,,,,,,,,,,
epp,,Echinacea purpurea 'Fluva',4 VIV,Échinacée rose 'Fluva',pot 10cm,40cm,,,,,,,,,,,,,,,,,,
epm,,Echinacea purpurea 'Magnus',4 VIV,Échinacée rose,pot 10cm,45cm,,,,,,,,,,,,,,,,,,
eop,,Echinacea purpurea 'Orange Passion',4 VIV,"Échinacée orange 9cm, coeur rouge",pot 10cm,60cm,,,,,,,,,,,,,,,,,,
epd,,Echinacea purpurea 'Pink Double Delight',4 VIV,"Échinacée orange 9cm, coeur rouge",pot 10cm,60cm,,,,,,,,,,,,,,,,,,
epw,,Echinacea purpurea 'Pow wow white',4 VIV,"Échinacée blanche, coeur jaune",pot 10cm,40cm,,,,,,,,,,,,,,,,,,
eww,,Echinacea purpurea 'Pow wow wildberry',4 VIV,"Échinacée blanche, coeur jaune",pot 10cm,40cm,,,,,,,,,,,,,,,,,,
ero,,Echinacea purpurea 'Red Ombre',4 VIV,Échinacée orangée,pot 1 gal.,45cm,,,,,,,,,,,,,0.7,0.6,,,,
ess,,Echinacea purpurea 'Summer Sky',4 VIV,Échinacée rose orangée,pot 10cm,45cm,,,,,,,,,,,,,,,,,,
ett,,Echinacea purpurea 'Tiki Torch',4 VIV,Échinacée orangée,pot 10cm,45cm,,,,,,,,,,,,,,,,,,
ets,,Echinacea purpurea 'Tomato Soup',4 VIV,Échinacée rougeâtre,pot 10cm,45cm,,,,,,,,,,,,,,,,,,
epr,,Echinacea purpurea 'Razzmatazz',4 VIV,Échinacée rose foncé,pot 10cm,50cm,,,,,,,,,,,,,,,,,,
ecv,,Echinacea 'Virgin',4 VIV,Échinacée pétales blancs et coeur vert,pot 10cm,50cm,,,,,,,,,,,,,,,,,,
ebb,,Echinacea 'Sombrero Baja Burgundy',4 VIV,Échinacée pétale rouge ,pot 10cm,50cm,,,,,,,,,,,,,,,,,,
egg,,Echinacea 'Sombrero Granada Gold',4 VIV,Échinacée pétale orange,pot 10cm,60cm,,,,,,,,,,,,,,,,,,
ecsb,,Echinacea 'Sombrero Blanco',4 VIV,Échinacée blanche 'Cleopatra',pot 10cm,60cm,,,3,,,,,,,,,,0.6,0.6,,,,
eqh,,Equisetum hyemale,4 VIV,Prêle d'hiver,pot 1L,30cm,,,,,,,,,,,,,,,,,,
eri,,Echinops ritro,4 VIV,Boule azurée,pot 10cm,45cm,,,3,,,,,,,,,,,,,,,
ebbg,,Echinops bannaticus 'Blue Glow',4 VIV,Boule azurée Blue Glow (Chardon bleu),pot 2 gal.,60cm,,,,,,,,,,,,,,,,,,
eag,,Echinops 'Artic Glow',4 VIV,Boule azurée ' Artic Glow',pot 10cm,60cm,,,,,,,,,,,,,,,,,,
mcs,,Monarda didyma 'Cambridge Scarlet',4 VIV,Monarde écarlate,-,60cm,"H.: 90cm, sensible au blanc ",,,,,,,,,,,,,,,,,
mcp,,Monarda didyma 'Croftway Pink',4 VIV,Monarde rose,pot 10cm,60cm,"H.:75cm, sensible au blanc",,,,,,,,,,,,,,,,,
mgs,,Monarda didyma 'Gardenview Scarlet',4 VIV,Mornarde rouge,pot 10cm,60cm,"H.:100cm, très résistante au blanc",,,,,,,,,,,,,,,,,
mds,,Monarda didyma 'Snow White',4 VIV,Monarde blanche,pot 10cm,60cm,H.:90cm,,,,,,,,,,,,,,,,,
mfi,,Monarda fistulosa,4 VIV,Monarde fistuleuse,pot 10cm,45cm,Indigène - Parfumée - Massif - Plante aggressive - ,,4,,,,,,,,,,,,,i,,
mbo,,Monarda x 'Beauty of Cobham',4 VIV,Monarde rose pâle sur base bourgogne,pot 10cm,60cm,"H.:90cm, résistante au blanc",,,,,,,,,,,,,,,,,
mbs,,Monarda x 'Blue Stocking',4 VIV,Monarde bleu-violet,pot 10cm,60cm,H.: 90-120cm,,,,,,,,,,,,,,,,,
mms,,Monarda x 'Marshall's Delight',4 VIV,Monarde rose odorante,pot 10cm,40cm,H.: 90cm,,,,,,,,,,,,,,,,,
mdp,,Monarda x 'Pink tourmaline',4 VIV,Petite monarde rose,pot 10cm,60cm,"H.:45-60cm, résistante au blanc",,,,,,,,,,,,,,,,,
mdr,,Monarda x 'Red Pagoda',4 VIV,Monarde rouge,pot 10cm,60cm,"H.:60-75cm, résistante au blanc",,,,,,,,,,,,,,,,,
mse,,Monarda x 'Séduction',4 VIV,Monarde rouge très haute,pot 10cm,60cm,"H.:120cm, résistante au blanc",,,,,,,,,,,,,,,,,
mvq,,Monarda x 'Violet Queen',4 VIV,Monarde violet pourpre,pot 10cm,60cm,"H.:100cm, résistante au blanc",,,,,,,,,,,,,,,,,
snm,,Salvia nemerosa,4 VIV,Sauge,pot 1 litre,45cm,Vivace ,,,,,,,,,,,,,,,,,
snc,,Salvia nemorosa 'Caradonna',4 VIV,Sauge 'Caradonna',pot 1 litre,45cm,Vivace ,,,,,,,,,,,,0.45,0.6,,,,
sns,,Salvia nemerosa 'Sensation deep rose improve',4 VIV,Sauge rose,pot 1 litre,45cm,Vivace ,,,,,,,,,,,,,,,,,
snw,,Salvia nemorosa 'White Profusion',4 VIV,Sauge 'White Profusion',pot 1 litre,45cm,Vivace ,,,,,,,,,,,,,,,,,
sof,,Salvia officinalis,4 VIV,Sauge,pot 1 litre,45cm,Vivace ,,,,,,,,,,,,,,,,,
ssv,,Salvia 'Salvatore Blue',4 VIV,Sauge,pot 1 litre,45cm,Vivace ,,,,,,,,,,,,,,,,,
sao,,Salvia officinalis 'Purpurea',4 VIV,Sauge Pourpre,pot 1 litre,45cm,Vivace ,,,,,,,,,,,,,,,,,
sao,,Salvia officinalis 'Purpurea',4 VIV,Sauge Pourpre,pot 1 litre,45cm,Vivace ,,,,,,,,,,,,,,,,,
ssp,,Salvia splendens,4 VIV,Salvia rouge,pot 1 litre,30cm,Qté = nbre boîtes de 9 plants,,,,,,,,,,,,,,,,,
sne,,Salvia superba (Nemerosa),4 VIV,Sauge bleue violette en épis,pot 10cm,45cm,,,,,,,,,,,,,,,,,,
ssr,,Salvia superba 'Rosenwein',4 VIV,Sauge rose,pot 10cm,45cm,,,,,,,,,,,,,,,,,,
ssq,,Salvia sylvestris 'Blue Queen',4 VIV,Sauge bleue violette (nain et compact),pot 10cm,45cm,,,,,,,,,,,,,,,,La maison des fleurs vivaces,,
ssm,,Salvia superba 'Maynight',4 VIV,Sauge violette,pot 10cm,45cm,,,,,,,,,,,,,,,,,,
sst,,Salvia sylvestris 'Ostfriesland',4 VIV,Sauge violette,pot 10cm,45cm,,,,,,,,,,,,,,,,,,
tsa,,Thymus serpyllum 'Albus',4 VIV,Thym serpolet,-,30cm,,,,,,,,,,,,,,,,,,
tes,,Thymus serpyllum 'Coccineus',4 VIV,Thym serpolet rouge,pot 10cm,45cm,,,,,,,,,,,,,,,,,,
tsr,,Thymus serpyllum 'Roseus',4 VIV,Thym rose,pot 10cm,45cm,,,,,,,,,,,,,,,,,,
tvu,,Thymus vulgaris,4 VIV,Thym des jardins,pot 10cm,45cm,Fine herbe vivace ,,,,,,,,,,,,,,,,,
tpa,,Thymus praecox 'Arcticus',4 VIV,Thym des jardins,pot 10cm,45cm,Fine herbe vivace ,,,,,,,,,,,,,,,,,
tva,,Thymus vulgaris 'Atrorubens',4 VIV,Thym des jardins (pourpre),pot 10cm,45cm,Fine herbe vivace ,,,,,,,,,,,,,,,,,
tvg,,Thymus vulgaris 'Gold Edge',4 VIV,Thym des jardins (doré),pot 10cm,45cm,Fine herbe vivace ,,,,,,,,,,,,,,,,,
txc,,Thymus x citriodorus,4 VIV,Thym citronné vert,pot 10cm,45cm,Fine herbe vivace ,,,,,,,,,,,,,,,,,
txa,,Thymus x citriodorus 'Aureus',4 VIV,Thym citronné doré,pot 10cm,30cm,Fine herbe vivace ,,,,,,,,,,,,,,,,,
txb,,Thymus x citriodorus 'Bertram Anderson,4 VIV,,pot 10cm,45cm,Fine herbe vivace ,,,,,,,,,,,,,,,,,
txv,,Thymus x citriodorus 'Variegata',4 VIV,Thym citronné panaché,pot 10cm,45cm,Fine herbe vivace ,,,,,,,,,,,,,,,,,
viv,,Vinca major 'Variegata',4 VIV,Pervenche panachée,pot,20cm,,,,,,,,,,,,,,,,,,
vmi,,Vinca minor,4 VIV,Pervenche,pot 10cm,45cm,,,,,,,,,,,,,,,,,,
vir,,Vinca minor 'Atropurpurea',4 VIV,Pervenche rose,pot 10cm,45cm,,,,,,,,,,,,,,,,,,
vma,,Vinca minor 'Aureomarginata',4 VIV,Petite pervenche marginée de jaune,pot 10cm,60cm,,,,,,,,,,,,,,,,,,
csa,,Calamagrostis acutiflora 'Avalanche',5 GRAM,Calamagrostide à fleurs étroites,pot 1 litre,45cm,Tailler le feuillage au printemps - ,,4,,,,,,SS,,organique,,,,,,,
cae,,Calamagrostis acutiflora 'Eldorado',5 GRAM,Calamagrostide à fleurs étroites,pot 1 litre,45cm,Tailler le feuillage au printemps,,4,m,,,,,SS,,organique,,1.5,0.6,5-6,,,Les niches éco.
cak,,Calamagrostis acutiflora 'Karl Foerster',5 GRAM,Calamagrostide à fleurs étroites,pot 1 litre,45cm,Tailler le feuillage au printemps,,4,m,,,,,SS,,organique,,1.7,0.5,5-6,,,Les niches éco.
cao,,Calamagrostis acutiflora 'overdam',5 GRAM,Calamagrostide à fleurs étroites,pot 1 litre,45cm,Tailler le feuillage au printemps,,4,m,,,,,SS,,,,1.2,0.4,5-6,,,Les niches éco.
cat,,Calamagrostis acutiflora 'Stricta',5 GRAM,Calamagrostide Stricta,pot 1 litre,40cm,Tailler le feuillage au printemps,,4,,,,,,,,,,,,,,,
caw,,Calamagrostis acutiflora 'Waldenbuch',5 GRAM,Calamagrostide Stricta,pot 1 litre,40cm,Tailler le feuillage au printemps,,4,,,,,,,,,,,,,,,
caf,,Calamagrostis acutiflora,5 GRAM,Calamagrostide à fleurs étroites,pot 1 litre,45cm,,,4,m,,,,,SS,,organique,,1.5,0.5,5-6,,,Les niches éco.
cbr,,Calamagrostis brachytricha,5 GRAM,Calamagrostide (Achnatrerum brachytricha),pot 1 litre,45cm,,,4,,,,,,,,organique,,1,0.5,9-10,,,Les niches éco.
cah,,Calamagrostis canadensis,5 GRAM,Calamagrostide du Canada,pot 1 litre,50cm,Indigène - Ombre - Mi-ombre - Stabilisation sol - Berges & rivages,,3,,,w,l,,,SSS,limoneux,,1.5,0.6,7-8,i,,H. Indigo
cax,,Carex aurea,5 GRAM,Carex doré,pot 1 litre,30cm,indigène- Toutes conditions,,,,,,,,,,,,0.25,0.2,,i,,
cii,,Carex bebbii,5 GRAM,Carex de Bebb,pot 10cm,30cm,Indigène,,3,m,,,,S,,,pauvre,,0.45,0.5,,,,Les niches éco.
crx,,Carex brevior,5 GRAM,Carex à têtes courtes,,45cm,,,3,m,,,,,,,,,0.3,0.3,,,,
cbu,,Carex buchananii,5 GRAM,Laîche à feuilles de cuir,pot 10cm,45cm,Tailler le feuillage au printemps - feuillage bronze cuivré,,5,m,,,,S,,,pauvre,,0.45,0.5,,,,Les niches éco.
zcc,,Carex crinita,5 GRAM,Carex crépu,pot 1 litre,45cm,Indigène - Sol détrempé - Naturalisation berge - prof: 0-20 cm ,,3,m,,,,,,SSS,limoneux,,0.6,0.5,5-6-7-8,i,,H. Indigo
zca,,Carex glauca,5 GRAM,Laîche bleuâtre,pot 10cm,20cm,,,4,m,s,w,l,,SS,,limoneux,,0.15,0.25,,,,Les niches éco.
zcg,,Carex grayii,5 GRAM,Carex de Gray,pot 10cm,25cm,Indigène - prof: 0-20 cm,,4,m,s,w,l,,SS,,organique,,0.7,0.3,5-6,i,,Les niches éco.
cin,,Carex intumescens,5 GRAM,Carex gonflé,-,45cm,Indigène - prof: 0-20 cm,,3,,s,w,l,S,SS,SSS,organique,,1,0.5,7-8,i,,H. Indigo
cmw,,Carex morrowii 'Variegata',5 GRAM,Laîche japonaise panachée,-,40cm,Croissance lente,,5,,,w,l,,SS,,organique,,0.3,0.4,,,,Les niches éco.
cmi,,Carex morrowii 'Ice Dance',5 GRAM,Carex morrowii 'Ice Dance',pot 1 litre,30cm,,,5,m,s,,,,SS,,organique,,0.3,0.4,6-7,,,Les niches éco.
cmk,,Carex muskingumensis,5 GRAM,Laîche à feuille de palmier,pot litre,35cm,Tailler le feuillage au printemps,,4,m,s,,,,SS,,organique,,0.6,0.4,,,,Les niches éco.
cpt,,Carex plantaginea,5 GRAM,Laîche à feuille de plantain,pot 1 litre,30cm,Indigène - Feuillage ruban - Sous-bois - Massif - ,,4,,,w,l,,SS,,organique,,0.3,0.3,,i,,Les niches éco.
zcs,,Carex speciosa,5 GRAM,Carex sp.,-,,prof: 0-20 cm,,,,,,,,,,,,,,,,,
zzc,,Carex stricta,5 GRAM,Carex stricta,-,,prof: 0-20 cm,,,,,,,,,,,,,,,,,
dce,,Deschampsia caespitosa,5 GRAM,Deschampsie cespiteuse,pot 1 litre,60cm,Indigène - Ombre - Mi-ombre - Stabilitation sol - Berges & rivages,,0,m,s,w,l,,SS,,organique,,1,0.6,7-8,i,,H. Indigo
dcb,,Deschampsia caespitosa 'Bronzeschleier',5 GRAM,Deschampsie cespiteuse Bronzeschleier,pot 1 litre,60cm,Texture légère et bronze devenant jaune d'or - ,,4,m,s,w,l,,SS,,organique,,1,0.6,7-8,,,Les niches éco.
dcg,,Deschampsia caespitosa 'Goldgehange',5 GRAM,Deschampsie cespiteuse Goldgehange,pot 1 litre,60cm,Feuillage coloration automnale jaune orangé,,4,m,s,w,l,,SS,,organique,,1,0.6,7-8,,,Les niches éco.
dgo,,Deschampsia caespitosa 'Goldschleier',5 GRAM,Deschampsie cespiteuse 'Goldschleier',pot 1 litre,60cm,,,4,m,s,w,l,,SS,,organique,,1,0.6,7-8,,,Les niches éco.
dch,,Deschampsia caespitosa 'Goldtsaub',5 GRAM,Deschampsie cespiteuse Goldtau,pot 1 litre,60cm,Feuillage texture légère - Or,,4,m,,,,,SS,,limoneux,,1.1,0.7,6-7-8-9,,,M. Corbeil
dcl,,Deschampsia caespi. 'Northern Lights',5 GRAM,Deschampsie cespiteuse Northern Light,pot 1 litre,45cm,"Feuillage panaché blanc crème, doré et rose",,4,m,s,w,,,SS,,organique,,0.6,0.4,4-5-6,,,M. Corbeil
dcs,,Deschampsia caespi. 'Schottland',5 GRAM,Deschampsie cespiteuse Schottland,pot 1 litre,60cm,Feuillage tecture très légère - ,,5,,,w,l,,SS,,organique,,0.9,0.45,6-7-8,,,M. Corbeil
dct,,Deschampsia caespi. 'Tardiflora',5 GRAM,Deschampsie cespiteuse,pot 1 litre,45cm,,,4,m,s,w,l,,SS,,organique,,1.2,0.8,4-5-6,,,M.Corbeil
dpx,,Deschampsia caespi. 'Pixie Fountain',5 GRAM,Deschampsie cespiteuse 'Pixie Fontaine',pot 1 litre,45cm,,,4,m,s,w,l,,SS,,organique,,1.2,0.8,4-5-6,,,M.Corbeil
dau,,Deschampsia caespitosa 'Tautraeger',5 GRAM,Deschampsie cespiteuse 'Tautraeger',pot 2 litre,80cm,Épillets argentés - Peu longévive - Se resème,,4,m,s,,,,SS,,organique,,1.2,1,6-7-8-9,,,M. Corbeil
msa,,Miscanthus sacchafiflorus,5 GRAM,Miscanthus étalant,pot 10cm,90cm,"Couper au printemps, limiter étalement",,,,,,,,,,,,,,,,,
msb,,Miscanthus sinens.'Adagio',5 GRAM,Miscanthus à plumes énormes,pot 1 galon,90cm,"Couper au printemps, limiter étalement",,,,,,,,,,,,,,,,,
mal,,Miscanthus sinens.'Autumn light',5 GRAM,Miscanthus à plumes énormes,pot 1 galon,150cm,"Couper au printemps, fumier à l'aut.",,,,,,,,,,,,,,,,,
mgo,,Miscanthus sinens.'Goliath',5 GRAM,Miscanthus à plumes énormes,pot 1 litre,60cm,"Couper au printemps, fumier à l'aut.",,,,,,,,,,,,,,,,,
msi,,Miscanthus sinens.'Purpurascens',5 GRAM,Miscanthus,pot 1 galon,60cm,"Couper au printemps, fumier à l'aut.",,,,,,,,,,,,1.5,0.8,,,,
msg,,Miscanthus sinensis 'Gracillimus',5 GRAM,Miscanthus à feuille mince,pot 1 litre,60cm,"Couper au printemps, fumier à l'aut.",,,,,,,,,,,,,,,,,
mig,,Miscanthus sinensis 'Graziella',5 GRAM,Miscanthus à feuille mince - Roseau de Chine,pot 1 litre,60cm,"Couper au printemps, fumier à l'aut.",,,,,,,,,,,,,,,,,
msf,,Miscanthus sinensis 'Oktober Fest',5 GRAM,Miscanthus à feuille mince Oktober Fest,pot 1 litre,60cm,"Couper au printemps, fumier à l'aut.",,,,,,,,,,,,,,,,,
msk,,Miscanthus sinensis 'Kleine Fountain',5 GRAM,Miscanthus fontaine,pot 1 litre,60cm,"Couper au printemps, fumier à l'aut.",,,,,,,,,,,,,,,,,
mks,,Miscanthus sinensis 'Kleine Silberspine',5 GRAM,Miscanthus du Japon Kleine Silberspine,pot 1 litre,60cm,"Couper au printemps, fumier à l'aut.",,,,,,,,,,,,,,,,,
msr,,Miscanthus sinensis 'Rostsilber',5 GRAM,Miscanthus 'Rostsilber',pot 1 litre,80cm,"Couper au printemps, fumier à l'aut.",,,,,,,,,,,,,,,,,
mis,,Miscanthus sinensis 'Sarabande',5 GRAM,Miscanthus Sarabande,pot 1 litre,60cm,"Couper au printemps, fumier à l'aut.",,,,,,,,,,,,,,,,,
msd,,Miscanthus sinensis 'Silberfeder',5 GRAM,Miscanthus 'Silberfeder',pot 1 litre,90cm,"Couper au printemps, fumier à l'aut.",,,,,,,,,,,,,,,,,
mss,,Miscanthus sinensis 'Silver Feather',5 GRAM,Miscanthus du Japon panaché,pot 1 litre,60cm,"Couper au printemps, fumier à l'aut.",,,,,,,,,,,,,,,,,
msv,,Miscanthus sinensis 'Variegatus',5 GRAM,Miscanthus du Japon panaché,pot 1 litre,60cm,"Couper au printemps, fumier à l'aut.",,,,,,,,,,,,,,,,,
miz,,Miscanthus sinensis 'Zebrinus',5 GRAM,Miscanthus du Japon zébré,pot 1 litre,60cm,"Couper au printemps, fumier à l'aut.",,,,,,,,,,,,,,,,,
mgi,,Miscanthus sinensis 'Giganteus',5 GRAM,Miscanthus géant,pot 1 litre,60cm,"Couper au printemps, fumier à l'aut.",,,,,,,,,,,,,,,,,
msl,,Miscanthus sinensis 'Morning Light',5 GRAM,Miscanthus ,pot 1 litre,60cm,"Couper au printemps, fumier à l'aut.",,4a,,w,,,,SS,,"argileux, loameux, sablonneux","-7,7,+7",2.5,2,4-6,n,"mal fongiques,insectes",Hydro-Qc
msz,,Miscanthus sinensis 'Nippon',5 GRAM,Miscanthus ,pot 1 litre,60cm,"Couper au printemps, fumier à l'aut.",,4a,,w,,,,SS,,"argileux, loameux, sablonneux","-7,7,+7",2.5,2,4-6,n,"mal fongiques,insectes",Hydro-Qc
msm,,Miscanthus sinensis 'Malepartus',5 GRAM,Miscanthus ,pot 1 litre,40cm,"Couper au printemps, fumier à l'aut.",,4a,,w,,,,SS,,"argileux, loameux, sablonneux","-7,7,+7",2.5,2,4-6,n,"mal fongiques,insectes",Hydro-Qc
mst,,Miscanthus sinensis 'Strictus',5 GRAM,Miscanthus ,pot 1 litre,60cm,"Couper au printemps, fumier à l'aut.",,,,,,,,,,,,,,,,,
mch,,Molinia caerulea 'Heidebraut',5 GRAM,Molinie géante,pot 1 litre,80cm,,,,,,,,,,,,,,,,,,
mtr,,Molinia caerulea arundinacea 'Transparent',5 GRAM,Molinie géante,pot 1 litre,100cm,Couper au printemps,,,,,,,,,,,,,,,,,
maw,,Molinia altissima 'Windspiel',5 GRAM,Grande molinia,pot 1 litre,100cm,Couper au printemps,,,,,,,,,,,,,,,,,
mcm,,Molinia caerulea 'Moorhexe',5 GRAM,Molinia pourpre,pot 1 litre,45cm,Couper au printemps,,,,,,,,,,,,,,,,,
mct,,Molinia caerulea 'Strahlenquelle',5 GRAM,Molinia 'source des rayons',pot 1 litre,45cm,Couper au printemps,,,,,,,,,,,,,,,,,
mky,,Molinia caerulea 'Skyracer',5 GRAM,Molinia géante,pot 1 litre,100cm,Couper au printemps,,,,,,,,,,,,,,,,,
mcv,,Molinia caerulea 'Variegata',5 GRAM,Molinia panachée,pot 1 litre,45cm,Couper au printemps,,,,,,,,,,,,,,,,,
pav,,Panicum virgatum,5 GRAM,Panic raide,pot 1 litre,60cm,,,,,,,,,,,,,,,,,,
pvk,,Panicum virgatum 'Haense Herms',5 GRAM,Panic raide,pot 1 litre,45cm,,,,,,,,,,,,,,,,,,
pvh,,Panicum virgatum 'Heavy Metal',5 GRAM,Panic raide,pot 1 litre,50cm,,,,,,,,,,,,,,,,,,
phm,,Panicum virgatum 'Heavy Metal',5 GRAM,Panic raide,pot 1 litre,50cm,,,,,,,,,,,,,0.9,0.75,,,,
pps,,Panicum virgatum 'Prairie Sky',5 GRAM,Panic raide,pot 1 litre,50cm,,,,,,,,,,,,,,,,,,
pvf,,Panicum virgatum 'Prairie Fire',5 GRAM,Panic raide,pot 1 litre,70cm,,,,,,,,,,,,,,,,,,
pvr,,Panicum virgatum 'Red Sunset',5 GRAM,Panic raide,pot 1 litre,40cm,,,,,,,,,,,,,,,,,,
pro,,Panicum virgatum 'Rotstrahlbusch',5 GRAM,Panic raide,pot 1 litre,40cm,,,,,,,,,,,,,,,,,,
pvs,,Panicum virgatum 'Shenandoah',5 GRAM,Panic raide Shenandoah,pot 1 litre,50cm,,,,,,,,,,,,,,,,,,
pvt,,Panicum virgatum 'Strictum',5 GRAM,Panic millet,pot 1 litre,60cm,,,,,,,,,,,,,,,,,,
pvw,,Panicum virgatum 'Warrior',5 GRAM,Panic millet,pot 1 litre,60cm,,,,,,,,,,,,,,,,,,
pnw,,Panicum virgatum 'Northwind',5 GRAM,Panic raide,pot 1 litre,60cm,,,,,,,,,,,,,1.1,0.75,,,,
cda,,Clematis alpina,6 GRMP,Clématite des Alpes lilas,pot 1 litre,,Couper tiges gelées au print. Zone 3,,,,,,,,,,,,,,,,,
cab,,Clematis alpina Ruby,6 GRMP,Clématite des Alpes rouge vin,pot 1 litre,,"Aucune taille, zone 3, flor.:juin",,,,,,,,,,,,,,,,,
cbj,,Clematis 'Bees Jubilee',6 GRMP,C. Bees Jubilee rose 2 tons,pot 1 litre,,Couper tiges gelées au print. Zone 4,,,,,,,,,,,,,,,,,
cgc,,Clematis 'Guernsey cream',6 GRMP,Clématite 'Guernsey cream',pot 1 litre,300cm,Couper tiges gelées au print. Zone 4,,,,,,,,,,,,,,,,,
cxh,,Clematis 'Hagley Hybride' ou 'Pink Chiffon',6 GRMP,Clématite Hagley Hybride ,pot 1 litre,200cm,Couper tiges gelées au print. Zone 4,,,,,,,,,,,,,,,,,
cmb,,Clematis macropetala 'Blue bird',6 GRMP,Clématite Blue bird,pot 1 litre,200cm,"Aucune taille, zone 4, flor:juin et août",,,,,,,,,,,,,,,,,
cmr,,Clematis macropetala 'Rosie O'Grady',6 GRMP,Clématite Rosie O'Grady,pot 1 litre,200cm,Couper tiges gelées au print. Zone 3,,,,,,,,,,,,,,,,,
cmx,,Clematis maximowicziana,6 GRMP,Clématite d'automne,pot 1 litre,300cm,"Aucune taille, Zone 3a, fl blanche, flor.: automne",,,,,,,,,,,,,,,,,
cmc,,Clematis 'Mme Le Coultre',6 GRMP,Clématite Mme Le Coultre,pot 1 litre,,Couper tiges gelées au print. fl. blanche,,4,,,,,,,,,,,,,,,
cmo,,Clematis montana 'Tetrarose',6 GRMP,Clématite Tetrarose blanche,pot 1 litre,,Couper tiges gelées au print. Zone 4,,,,,,,,,,,,,,,,,
cpi,,Clematis 'piilu' ,6 GRMP,Clématite 'Piilu',pot 1 litre,200cm,Couper tiges gelées au print. Zone 4,,,,,,,,,,,,,,,,,
cxv,,Clematis virginiana,6 GRMP,Clématite de Virginie,pot 1 litre,,Couper tiges gelées au print. Zone 4,,,,,,,,,,,,,,,,,
cev,,Clematis viticella 'Étoile violette',6 GRMP,Clématite Étoile violette,pot 1 litre,200cm,Couper tiges gelées au print. Zone 4,,,,,,,,,,,,,,,,,
chu,,Clematis viticella 'Hudline',6 GRMP,Clématite bleue Hudline,pot 1 litre,,Couper tiges gelées au print. Zone 4,,,,,,,,,,,,,,,,,
cvp,,Clematis 'Vyvyan Pennell' (Lilas),6 GRMP,C. Vyvyan Pennell fl. doubles,pot 1 litre,,Couper tiges gelées au print. Zone 5,,,,,,,,,,,,,,,,,
cck,,Clematis x 'Crimson King',6 GRMP,Clématite Crimson King,pot 1 litre,,Couper tiges gelées au print. Zone 4,,,,,,,,,,,,,,,,,
cbo,,Clematis x 'Comtesse de Bouchaud',6 GRMP,"Clématite Comtesse de Bouchaud, rose",pot 1 litre,,"Tailler à l'automne, z-3, flor.:juin à sept.",,,,,,,,,,,,,,,,,
pqe,,Parthenocissus quinquefolia 'Engelmanii',6 GRMP,Vigne vierge,pot 1 litre,300cm,,,,,,,,,,,,,,,,,,
pqf,,Parthenocissus quinquefolia,6 GRMP,Vigne vierge,pot 1 litre,300cm,"vert, zone 4",,,,,,,,,,,,,,,,,
pqu,,Parthenocissus quinquefolia 'Star Showers',6 GRMP,Vigne Star Showers,pot 1 litre,300cm,Panaché vert et blanc,,2,,,,,,,,,,,,,,,
ptw,,Parthenocissus tricuspidata 'Veitchii',6 GRMP,Lierre de Boston,pot 1 litre,300cm,,,2,,,,,,,,,,,,,,,
ptr,,Parthenocissus tricuspidata 'Robusta',6 GRMP,Lierre de Boston,pot 1 litre,300cm,,,2,,,,,,,,,,,,,,,
dav,,Dryopteris austr. var. Spinulosa,7 FOU,Dryoptère austr. spineuse,pot 10cm,45cm,Mettre poudre d'os lors plantation,,,,,,,,,,,,,,,,,
drp,,Dryopteris carthusina (D.spinulosa),7 FOU,Dryoptère spineuse,pot 10cm,60cm,Indigène - Tolère sol acide - ,,1,,,,,,,,,,,,,,,
drc,,Dryopteris cristata ,7 FOU,Dryoptère à crête,pot 10cm,30cm,Indigène - Tolère sol acide - Feuillage vert-bleuté,,2,,,,,,,,,,,,,,,
dfi,,Dryopteris filix-mas,7 FOU,Fougère mâle,pot 10cm,30cm,,,,,,,,,,,,,0.5,0.5,,,,
dma,,Dryopteris marginalis,7 FOU,Fougère,pot 10cm,60cm,Mettre poudre d'os lors plantation,,,,,,,,,,,,,,,,,
dno,,Dryopteris noveboracensis,7 FOU,Dryoptéride de New-York (Thelypteris),pot 10cm,45cm,Indigène - Plante aggressive - Croissance rapide - Massif,,3,,,,,,,,,,,,,,,
dno,,Gymnocarpinum dryopteris,7 FOU,Gymnocarpe fougère du chêne,pot 3l,20cm,Indigène - Croissance rapide - planter en Massif,,3,,,,,,,,,,,,,,,
msp,,Matteucia struthiopteris,7 FOU,Fougère plume d'autruche,pot 1 litre,100cm,Indigène - Crosses comestibles - Naturalisation,,2,,,,,,,,,,,,,,,
mtp,,Matteucia struthiopteris 'Pensylvanica',7 FOU,Fougère plume d'autruche,pot 1 litre,60cm,Supérieure à l'espèce,,,,,,,,,,,,,,,,,
ons,,Onoclea sensibilis,7 FOU,Onoclée sensible,pot 10cm,45cm,Indigène - Soleil & ombre - Naturalisation,,2,,,,,,,,,,0.5,0.4,,,,
oci,,Osmunda cinnamomea,7 FOU,Osmonde cannelle,pot 10cm,75cm,Mettre poudre d'os lors plantation,,,,,,,,,,,,,,,,,
ocl,,Osmunda claytoniana,7 FOU,Osmonde de Clayton,pot 10cm,50cm,Indigène - ,,3,,,,,,,,,,,,,,,
ore,,Osmunda regalis,7 FOU,Osmonde royale,pot 1 litre,60cm,Indigène - Soleil & ombre - Naturalisation,,2,,,,,,,,,,1,1,,,,
pcr,,Polystichum acrostichoides,7 FOU,Fougère de Noel,pot 10cm,40cm,Indigène,,,,,,,,,,,,,,,,,
pbr,,Polystichum braunii,7 FOU,Fougère de Braun,pot 10cm,40cm,,,,,,,,,,,,,,,,,,
zel,,Elodea canadensis,8 AQUA,Elodée du Canada,-,60cm,Les planter par bac de 12 (environ),,,,,,,,,,,,,,,,,
zga,,Glyceria aquatica,8 AQUA,Glyceria aquatique,-,,prof: 0-10 cm,,,,,,,,,,,,,,,,,
zje,,Juncus effusus,8 AQUA,Jonc épars,-,,prof: 0-5 cm,,,,,,,,,,,,,,,,,
zjs,,Juncus effusus spiralis,8 AQUA,Jonc spirale,-,,prof: 0-5 cm,,,,,,,,,,,,,,,,,
znu,,Nuphar advena,8 AQUA,Grand nénuphar jaune,-,,prof: 30-100 cm,,,,,,,,,,,,,,,,,
znh,,Nuphar commanche,8 AQUA,Petit lys deau rust. changeant,-,,prof: 30-60 cm,,,,,,,,,,,,,,,,,
znp,,Nuphar pumila,8 AQUA,Petit nénuphar jaune,-,,prof; 20-40 cm,,,,,,,,,,,,,,,,,
znv,,Nuphar variegata 'Engelman',8 AQUA,Grand nénuphar jaune rustique,-,130cm,prof 60-125 cm,,,,,,,,,,,,,,,,,
znn,,Nymphaea 'Attraction',8 AQUA,Lys deau rouge (M-G),-,100cm,prof: 40-100 cm,,,,,,,,,,,,,,,,,
znq,,Nymphaea 'Aurora',8 AQUA,Lys deau changeant (P),-,60cm,prof: 20-40 cm,,,,,,,,,,,,,,,,,
znc,,Nymphaea 'Charlene Strawn',8 AQUA,Lys deau rustique jaune,-,100cm,prof: 20-40 cm,,,,,,,,,,,,,,,,,
zne,,Nymphaea 'Escarboucle',8 AQUA,Lys deau rustique rouge (M-G),-,130cm,prof: 20-60 cm,,,,,,,,,,,,,,,,,
zng,,Nymphaea 'Gladstone',8 AQUA,Lys deau rustique blanc,-,100cm,prof: 50-150 cm,,,,,,,,,,,,,,,,,
zno,,Nymphaea 'Gonnere',8 AQUA,Lys deau rustique blanc,-,100cm,prof: 20-60 cm,,,,,,,,,,,,,,,,,
znj,,Nymphaea 'James Brydon',8 AQUA,Lys deau rustique rouge (M),-,100cm,prof: 30-100 cm,,,,,,,,,,,,,,,,,
znl,,Nymphaea Laydekeri 'Lilacea',8 AQUA,Petit lys deau rustique rose,-,60cm,prof: 15-22 cm,,,,,,,,,,,,,,,,,
znm,,Nymphaea 'Marliac Alba',8 AQUA,Lys deau rustique blanc,-,100cm,prof: 20-60 cm,,,,,,,,,,,,,,,,,
znb,,Nymphaea 'Marliac Albida',8 AQUA,Lys deau blanc (M),-,,prof: 50-150 cm,,,,,,,,,,,,,,,,,
znr,,Nymphaea 'Mme Richmond',8 AQUA,Lys deau rustique rose (M),-,100cm,prof: 30-70 cm,,,,,,,,,,,,,,,,,
znf,,Nymphaea 'Norma Geyde',8 AQUA,Lys deau rustique rose (M),-,100cm,prof: 20-45 cm,,,,,,,,,,,,,,,,,
zns,,Nymphaea odorata 'Sulphurea',8 AQUA,Lys deau rustique jaune (G),-,130cm,prof: 20-60 cm,,,,,,,,,,,,,,,,,
zrw,,Nymphaea 'Red Wonder',8 AQUA,Lys deau rustique rouge,-,100cm,prof: 30-60 cm,,,,,,,,,,,,,,,,,
zni,,Nymphaea 'Rose Arey',8 AQUA,Lys deau rustique rose (M-G),-,120cm,prof: 30-80 cm,,,,,,,,,,,,,,,,,
znt,,Nymphaea tuberosa,8 AQUA,Nymphée tubéreuse,-,,prof: 30-80 cm,,,,,,,,,,,,,,,,,
zty,,Typha latifolia,8 AQUA,Quenouille,-,,prof: 3-30 cm,,,,,,,,,,,,,,,,,
zta,,Typha angustifolia,8 AQUA,Quenouille à fleur élancée,-,,prof: 20-60 cm,,,,,,,,,,,,,,,,,
ztm,,Typha minima,8 AQUA,Quenouille naine,-,60cm,prof: 10-30 cm,,,,,,,,,,,,,,,,,
btb,,Begonia x tuberhybrida blanc,9 ANU,Bégonia blanc,pot,, ,,,,,,,,,,,,,,,,,
btd,,Begonia x tuberhybrida 'Dragonwing',9 ANU,Bégonia rouge ou rose,pot,25cm, ,,,,,,,,,,,,,,,,,
bha,,Begonia x tuberhybrida 'Illumination abricot',9 ANU,Bégonia retombant abricot,pot,,Cie Norseco,,,,,,,,,,,,,,,,,
bir,,Begonia x tuberhybrida 'Illumination Rose',9 ANU,Bégonia retombant rose,pot,, ,,,,,,,,,,,,,,,,,
bhs,,Begonia x tuberhybrida 'Non Stop 'Salmon',9 ANU,Bégonia saumon rose,pot,, ,,,,,,,,,,,,,,,,,
bpf,,Begonia x tuberhybrida 'Pin-Up Flame',9 ANU,Bégonia jaune bordé de pêche orangé,pot,, ,,,,,,,,,,,,,,,,,
btr,,Begonia x tuberhybrida rose,9 ANU,Bégonia rose,pot,, ,,,,,,,,,,,,,,,,,
bec,,Beta vulgaris var. cicla,9 ANU,Bette à carde,pot,20cm,,,,,,,,,,,,,,,,,,
bra,,Brassica oleracea acephala,9 ANU,Chou décoratif,pot,,,,,,,,,,,,,,,,,,,
cne,,Canna Ermine,9 ANU,Canna blanc,pot,,,,,,,,,,,,,,,,,,,
cpr,,Celosia argentea cristata Plumosa 'Pink Castel',9 ANU,Célosie plumeuse rose,pot,25cm,Qté = nbre boîtes de 9 plants,,,,,,,,,,,,,,,,,
ccp,,Celosia cristata Plumosa 'New Look',9 ANU,Célosie plumeuse rouge,-,25cm,Qté = nbre boîtes de 9 plants,,,,,,,,,,,,,,,,,
ccs,,Celosia cristata Plumosa orange,9 ANU,Célosie plumeuse orange,-,25cm,Qté = nbre boîtes de 9 plants,,,,,,,,,,,,,,,,,
csr,,Celosia 'Punky Rouge',9 ANU,Célosie plumeuse rouge,-,25cm,Qté = nbre boîtes de 9 plants,,,,,,,,,,,,,,,,,
cge,,Coleus Giant Exhibition 'Aureole',9 ANU,Coleus rouge bordé de jaune,pot,30cm, ,,,,,,,,,,,,,,,,,
gpb,,Pelargonium peltatum 'Barbe-bleu',9 ANU,Géranium-lierre bourgogne,pot,25cm,,,,,,,,,,,,,,,,,,
gpc,,Pelargonium peltatum 'Colorcade Lavender',9 ANU,Géranium-lierre rose,pot,25cm,,,,,,,,,,,,,,,,,,
gpd,,Pelargonium peltatum 'Decora Red',9 ANU,Géranium-lierre rouge,pot,25cm,,,,,,,,,,,,,,,,,,
gpw,,Pelargonium peltatum 'White Nicole',9 ANU,Géranium-lierre blanc,pot,25cm,,,,,,,,,,,,,,,,,,
srr,,Surfinia 'Rose',9 ANU,Surfinia rose intermédiaire,pot,55cm, ,,,,,,,,,,,,,,,,,
srf,,Surfinia 'Rose fushia',9 ANU,Surfinia rose-pourpre oeil foncé,pot,55cm, ,, ,,,,,,,,,,,,,,,
sra,,Surfinia 'Rose pastel',9 ANU,Surfinia rose pâle,pot,55cm, ,,,,,,,,,,,,,,,,,
srv,,Surfinia 'Rose veiné',9 ANU,Surfinia rose veines foncées,pot,55cm, ,,,,,,,,,,,,,,,,,
tpb,,Tagetes patula 'Bonanza Boléro',9 ANU,Oeillet dInde Bonanza Boléro,-,,Qté = nbre boîtes de 9 plants,,,,,,,,,,,,,,,,,
tpj,,Tagetes patula 'Hero Bee',9 ANU,"Oeillet dInde jaune, haut.:25cm",pot,20cm,Qté = nbre boîtes de 9 plants,,,,,,,,,,,,,,,,,
tpf,,Tagetes patula safari 'Tangerine',9 ANU,"Oeillet dInde orange, haut.: 25cm",-,20cm,Qté = nbre boîtes de 9 plants,,,,,,,,,,,,,,,,,
ttl,,Tagetes tenufolia 'Lemon Gem',9 ANU,"Œillet d'Inde Lemon Gem, feuillage léger",-,20cm,Qté = nbre boîtes de 9 plants,,,,,,,,,,,,,,,,,
trm,,Tropaeolum majus 'Écarlate',9 ANU,Capucine,pot,25cm,Qté = nbre boîtes de 9 plants,,,,,,,,,,,,,,,,,
tpo,,Tragopogon porrifolius L.,9 ANU,Salsifis cultivé,,,,,,,,,,,,,,,,,,,,
oba,,Ocimum Basilicum,10 FH,Basilique,-,30cm,Annuel ,,4b,m,w,,,S,SS,SSS,"argileux, loameux, sablonneux","-7,7,+7",0.18,0.12,4-6,i,,Hydro-Qc
MG02,,Mélange aridex - série Habitat,11 ENS,Mélange aridex - série Habitat,-,,Disponible chez Aiglon Indigo,,,,,,,,,,,,,,,,,
MG03,,Mélange aridex Extra - série Habitat ,11 ENS,Mélange aridex Extra - série Habitat ,-,,Disponible chez Aiglon Indigo,,,,,,,,,,,,,,,,,
MG04,,Mélange Biorex Essentiel - série Technique,11 ENS,Mélange Biorex Essentiel - série Technique,-,,Disponible chez Aiglon Indigo,,,,,,,,,,,,,,,,,
MG05,,Mélange Biorex Flora - série Technique,11 ENS,Mélange Biorex Flora - série Technique,-,,Disponible chez Aiglon Indigo,,,,,,,,,,,,,,,,,
MG06,,Mélange Biorex Floradiversité - série Technique,11 ENS,Mélange Biorex Floradiversité - série Technique,-,,Disponible chez Aiglon Indigo,,,,,,,,,,,,,,,,,
MG07,,Mélange Biorex Gramiplus - série Technique,11 ENS,Mélange Biorex Gramiplus - série Technique,-,,Disponible chez Aiglon Indigo,,,,,,,,,,,,,,,,,
MG08,,Mélange Biorex Transport - série Technique,11 ENS,Mélange Biorex Transport - série Technique,-,,Disponible chez Aiglon Indigo,,,,,,,,,,,,,,,,,
MG09,,Mélange Crescendo Sylva minimum- série Habitat,11 ENS,Mélange Crescendo Sylva minimum- série Habitat,-,,Disponible chez Aiglon Indigo,,,,,,,,,,,,,,,,,
MG10,,Mélange Crescendo Sylva Optimum- série Habitat,11 ENS,Mélange Crescendo Sylva Optimum- série Habitat,-,,Disponible chez Aiglon Indigo,,,,,,,,,,,,,,,,,
MG11,,Mélange Crescendo Sylva Summum- série Habitat,11 ENS,Mélange Crescendo Sylva Summum- série Habitat,-,,Disponible chez Aiglon Indigo,,,,,,,,,,,,,,,,,
MG12,,Mélange Forestier- série Habitat,11 ENS,Mélange Forestier- série Habitat,-,,Disponible chez Aiglon Indigo,,,,,,,,,,,,,,,,,
alme,,Allium medusa,12 BUL,Ail décoratif bleu-azur,1 gal,45cm, ,,4,m,s,w,,,,,,,,,,,,
alm,,Allium molly,12 BUL,Ail doré,-,10cm,Profondeur plantation = 15cm ,,,,,,,,,,,,,,,,,
cib,,Allium schoenoprasum,12 BUL,Ciboulette,pot 1 litre,45cm,"Vivace, très résistante",,2,m,,,,,,,,,0.6,0.4,,i,tavelure,
adb,,Allium tricoccum,12 BUL,Ail des bois,,,,,4,m,,,,,,,,,0.5,0.6,,,moyen à la tavelure,
atu,,Allium tuberosum,12 BUL,Ciboulette à lail,-,45cm,Fine herbe vivace ,,4,m,,,,,,,,,,,,,,
cia,,Allium tuberosum,12 BUL,Ciboulette à lail,-,45cm,Vivace ,,,,,,,,,,"argileux, loameux, sablonneux",,,,,,,
alu,,Allium tricoccum Aiton,12 BUL,Ail des bois,-,5cm,Indigène - Espèce vulnérable au Québec,,,,,,,,,,"argileux, loameux, sablonneux",,,,,,,
abw,,Anemone blanda 'White Splendor',12 BUL,Anémone de Grèce 'White Splendor',-,5cm,Vivace ,,,,,,,,,,"argileux, loameux, sablonneux",,,,,,,
cqs,,Camassia quamash,12 BUL,Camassie comestible,-,15cm,Profondeur plantation = 10cm ,,,,,,,,,,,,,,,,,
chi,,Colchicum automnale,12 BUL,Colchique d'automne,-,15cm,Profondeur plantation = 15cm ,,2,m,,,,,,,,,,,,,,
cxl,,Crocosmia x 'Lucifer',12 BUL,Crocosmie hybride 'Lucifer',-,25cm,Profondeur plantation = 10cm ,,3,m,w,,,,SS,,,,0.15,0.1,,,tavelure,
cbi,,Crocus bicolore,12 BUL,Crocus bicolore,-,,Profondeur plantation = 5cm ,,4,m,,,,,,,,,0.05,0.03,,,Très résistant,
cba,,Crocus blanc,12 BUL,Crocus blanc,-,,Profondeur plantation = 5cm ,,2b,m,,,,,SS,,"argileux, loameux, sablonneux","-7,7",0.09,0.09,4-6,n,insectes divers,Hydro-QC
cbp,,Crocus Botaniques 'Blue Pearl',12 BUL,Crocus Botanique bleu,-,,Profondeur plantation = 5cm ,,,,,,,,,,,,,,,,,
crj,,Crocus chrysanthus 'Cream Beauty',12 BUL,Crocus Botanique jaune crème,-,,Profondeur plantation = 5cm ,,,,,,,,,,,,,,,,,
cfl,,Crocus flavus,12 BUL,Crocus Jaune,-,30cm,Profondeur plantation = 8cm,,,,,,,,,,,,,,,,,
csl,,Crocus hollandais 'Silver Coral',12 BUL,Crocus de Hollande,-,,Profondeur plantation = 5cm ,,,,,,,,,,,,,,,,,
cmv,,Crocus mauve ,12 BUL,Crocus mauve ,-,,Profondeur plantation = 5cm ,,,,,,,,,,,,,,,,,
crr,,Crocus rose,12 BUL,Crocus rose,-,,Profondeur plantation = 8cm,,,,,,,,,,,,,,,,,
crv,,Crocus vernus,12 BUL,Crocus de Hollande,-,5cm,Profondeur plantation = 8cm ,,,,,,,,,,,,,,,,,
cvy,,Crocus vernus 'Yellow Mammoth',12 BUL,Crocus de Hollande Yellow Mammoth,-,5cm,Profondeur plantation = 5cm ,,,,,,,,,,,,,,,,,
esb,,Eremurus stenophyllus 'Bungei',12 BUL, Érémurus 'Bungei',-,70cm,Profondeur plantation = 15cm ,,,,,,,,,,,,,,,,,
lha,,Lilium - hybrides asiatiques,12 BUL,Lis hybrides asiatiques,pot 1 litre,30cm,Tuteurer si nécessaire,,,,,,,,,,,,,,,,,
lap,,Lilium aurelien 'Pink Perfection',12 BUL,Lis rose,pot 1 litre,30cm,Tuteurer si nécessaire,,,,,,,,,,,,,,,,,
lil,,Lilium aziatique 'Apollo',12 BUL,Lis aziatique blanc,pot 1 litre,30cm,Tuteurer si nécessaire,,,,,,,,,,,,,,,,,
lle,,Lilium 'Enchantement',12 BUL,Lis Enchantement,pot 1 litre,30cm,Tuteurer si nécessaire,,,,,,,,,,,,,,,,,
lgs,,Lilium 'Golden Splendor',12 BUL,Lis orange,pot 1 litre,40cm,Tuteurer si nécessaire,,5,m,,,,,SS,,"argileux, loameux, sablonneux",-7.7,0.05,0.05,4-6,n,insectes divers,Hydro-Qc
lgp,,Lilium h. asiatique 'Grand Paradiso',12 BUL,Lis orange,pot 1 litre,40cm,Tuteurer si nécessaire,,4a,m,,,,,SS,,"argileux, loameux, sablonneux",-7.7,0.06,0.06,4-6,n,insectes divers,Hydro-Qc
llc,,Lilium lancifolium,12 BUL,Lis tigré,pot 1 litre,45cm,Tuteurer si nécessaire,,4a,m,,,,,SS,,"argileux, loameux, sablonneux",-7.7,0.04,0.04,4-6,n,insectes divers,Hydro-Qc
lmr,,Lilium martagon,12 BUL,Lis martagon,pot 1 litre,50cm,Tuteurer si nécessaire,,,,,,,,,,,,,,,,,
lmo,,Lilium 'Montreux',12 BUL,Lis asiatique,pot 1 litre,30cm,Tuteurer si nécessaire,,2,m,,,,,,,,,0.05,0.07,,,"tavelure, brûlure",
los,,Lilium oriental 'Stargazer',12 BUL,Lis rose et blanc,pot 1 litre,30cm,Tuteurer si nécessaire,,4,m,,,,,,,,,0.05,0.06,,,moyen à la tavelure,
tfa,,Tulipa Fosteriana,12 BUL,Tulipe Fosteriana,-,,Profondeur =20cm (variété d'ombre),,2b,m,,,,,SS,SSS,"argileux, loameux, sablonneux","-7,7,+7",0.15,0.12,,n,chancres,Hydro-Qc
tfb,,Tulipa Fosteriana blanche & rouge,12 BUL,Tulipe Fosteriana bla.& rg,-,,Profondeur =20cm (variété d'ombre),,4a,m,,,,S,SS,SSS,"argileux, loameux, sablonneux","-7,7,+7",0.15,0.04,,n,chancres,Hydro-Qc
tfj,,Tulipa Fosteriana jaune,12 BUL,Tulipe Fosteriana jaune,-,,Profondeur =20cm (variété d'ombre),,1a,m,,,,S,SS,SSS,"argileux, loameux, sablonneux","-7,7,+7",0.2,0.11,,i,chancres,Hydro-Qc
tfo,,Tulipa Fosteriana 'Orange Emperor',12 BUL,Tulipe Fosteriana orange,-,,Profondeur =20cm (variété d'ombre),,,,,,,,,,,,,,,,,
tfr,,Tulipa Fosteriana rose,12 BUL,Tulipe Fosteriana rose,-,,Profondeur =20cm (variété d'ombre),,2b,m,,,,,,SSS,"argileux, loameux, sablonneux","-7,7,+7",0.28,0.21,4-6,i,"chancres, rouilles",Hydro-Qc
tfg,,Tulipa Fosteriana rouge,12 BUL,Tulipe Fosteriana rouge,-,,Profondeur =20cm (variété d'ombre),,2b,m,,,,,,SSS,"argileux, loameux, sablonneux","-7,7,+7",0.28,0.21,4-6,i,"chancres, rouilles",Hydro-Qc
tfw,,Tulipa Fosteriana 'White Emperor',12 BUL,Tulipe Fosteriana blanche,-,,Profondeur =20cm (variété d'ombre),,4a,m,,,,,SS,SSS,"argileux, loameux, sablonneux","-7,7,+7",0.22,0.03,,n,"chancres,dothichiza",Hydro-Qc
tgr,,Tulipa Greigii,12 BUL,Tulipe Greigii,-,,Profondeur plantation = 20cm ,,1b,m,,,,S,SS,SSS,"argileux, loameux, sablonneux","-7,7,+7",0.12,0.08,,i,chancres,Hydro-Qc
tgg,,Tulipa Greigii 'Gold West',12 BUL,Tulipe Greigii jaune,-,,Profondeur plantation = 20cm ,,,,,,,,,,"argileux, loameux, sablonneux",,,,,,,
thd,,Tulipa hybride Darwin,12 BUL,Tulipe Hybride Darwin,-,,Profondeur plantation = 20cm ,,,,,,,,,,,,,,,,,
tka,,Tulipa Kaufmanniana 'Ancilla',12 BUL,Tulipe Kaufmanniana 'Ancilla',-,,Profondeur plantation = 15cm Botanique,,5a,m,,,,,SS,,loameux,7,0.15,0.1,4-6,n,brûlure bactérienne,Hydro-Qc
tkw,,Tulipa Kaufmanniana 'Water lily',12 BUL,Tulipe Kaufmanniana 'Water lily',-,,Profondeur plantation = 15cm Botanique,,2b,m,w,,,S,SS,,loameux,"-7,7,+7",0.07,0.05,4-6,n,"nodule, gommose",Hydro-Qc
tpe,,Tulipa 'Perroquet' ,12 BUL,Tulipe Perroquet ,-,,Profondeur plantation = 20cm ,,4b,,,,,,SS,,"argileux, loameux, sablonneux","-7,7,+7",0.04,0.03,5,i,,
tpq,,Tulipa 'Perroquet' jaune,12 BUL,Tulipe Perroquet jaune,-,,Profondeur plantation = 20cm ,,,,,,,,,,,,,,,,,
tpq,,Tulipa Rembrandt,12 BUL,Tulipe Rembrandt,-,,Profondeur plantation = 20cm ,,2a,m,w,,,,SS,,loameux,"-7,7,+7",0.1,0.1,4-6,n,"nodule, gommose",Hydro-Qc
tsv,,Tulipa simple hât. 'Van der Neer',12 BUL,Tulipe simple hâtive violet,-,,Profondeur plantation = 20cm ,,,,,,,,,,,,,,,,,
tso,,Tulipa simple hative ,12 BUL,Tulipe simple hative,-,,Profondeur plantation = 20cm ,,1a,m,,,,S,,,sablonneux,"-7,7,+7",0.1,0.06,4-6,i,"nodule, gommose",Hydro-Qc
tcv,,Tulipa City of Vancouver,12 BUL,Tulipe City of Vancouver ,-,,Profondeur plantation = 20cm simple hâtive blanche,,2b,m,,,,,SS,,loameux,7,0.2,0.1,,i,,
tsb,,Tulipa simple hâtive blanche,12 BUL,Tulipe simple hâtive blanche,-,,Profondeur plantation = 20cm ,,2b,m,,,,,SS,,loameux,7,0.2,0.1,,i,,
tsj,,Tulipa simple hâtive jaune,12 BUL,Tulipe simple hâtive jaune,-,,Profondeur plantation = 20cm ,,,,,,,,,,,,,,,,,
tsm,,Tulipa simple hâtive mauve,12 BUL,Tulipe simple hâtive mauve,-,,Profondeur plantation = 20cm ,,2a,,,,,,SS,,"loameux, sablonneux","7,+7",0.07,0.06,5-6,i,,
tsi,,Tulipa simple hâtive rose,12 BUL,Tulipe simple hâtive rose,-,,Profondeur plantation = 20cm ,,,,,,,,,,,,,,,,,
tsg,,Tulipa simple hâtive rouge,12 BUL,Tulipe simple hâtive rouge,-,,Profondeur plantation = 20cm ,,,,,,,,,,,,,,,,,
pym,,Polytrichum strictum,13 MOU,Mousse de sous-bois Voir Bryophyta Technologie,-,,Tapis de plantation Qté au pied carré,,,,,,,,,,,,,,,,,
tid,,Thuidium delicatulum,13 MOU,Mousse de sous-bois Voir Bryophyta Technologie,-,,Tapis de plantation Qté au pied carré,,,,,,,,,,,,,,,,,